https://twtxt.net/user/prologic/twtxt.txt,28.396357535507729
http://www.lord-enki.net/twtxt.txt,17.436923213087109
https://lyse.isobeef.org/twtxt.txt,6.37947270891203
https://www.uninformativ.de/twtxt.txt,3.7024057447433258
https://twt.nfld.uk/user/jlj/twtxt.txt,3.3593491086027139
https://twtxt.net/user/mckinley/twtxt.txt,3.0898046087779476
https://twtxt.net/user/adi/twtxt.txt,2.2076589729878027
https://tt.vltra.plus/user/laz/twtxt.txt,2.1525248707509186
http://lhyn.es/twtxt.txt,2.0667607117157658
https://twt.nfld.uk/user/help/twtxt.txt,2.0667607117157658
https://yarn.zn80.net/user/carsten/twtxt.txt,2.0545086889964579
https://twt.nfld.uk/user/alice/twtxt.txt,2.0361306549174967
http://txt.sour.is/user/stats/twtxt.txt,2.0238786321981892
https://twt.nfld.uk/user/support/twtxt.txt,2.0116266094788817
http://derkirche.blinkenshell.org/twtxt.txt,2.005500598119228
https://twt.nfld.uk/user/stats/twtxt.txt,1.9871225640402665
https://twt.nfld.uk/user/news/twtxt.txt,1.9871225640402665
https://twt.nfld.uk/user/twtxt/twtxt.txt,1.9871225640402665
https://benaiah.me/twtxt.txt,1.9564925072419976
https://davebucklin.com/twtxt.txt,1.94424048452269
https://buckket.org/twtxt.txt,1.8217202573296143
https://twt.nfld.uk/user/novaburst/twtxt.txt,1.6808219960575772
https://txt.quisquiliae.com/user/ullarah/twtxt.txt,1.6073098597417319
https://netbros.com/user/david/twtxt.txt,1.5031676666276172
https://twtxt.net/user/mutefall/twtxt.txt,1.4480335643907334
https://arrakis.netbros.com/user/fastidious/twtxt.txt,1.343891371276619
https://twtxt.net/user/darch/twtxt.txt,1.3255133371976575
http://oevl.info/twtxt.txt,1.2948832803993886
https://twtxt.net/user/news/twtxt.txt,1.1601110304870055
https://twtxt.net/user/eaplmx/twtxt.txt,1.1294809736887366
https://twtxt.net/user/tkanos/twtxt.txt,1.0253387805746221
https://twtxt.net/user/support/twtxt.txt,0.9763306896973919
https://anthony.buc.ci/user/abucci/twtxt.txt,0.88444051930258516
https://twtxt.net/user/off_grid_living/twtxt.txt,0.8476844511446624
https://twtxt.net/user/eldersnake/twtxt.txt,0.81705439434639349
https://txt.sour.is/user/xuu/twtxt.txt,0.74354225803054808
https://twtxt.net/user/thecanine/twtxt.txt,0.71291220123227916
https://yarn.andrewjvpowell.com/user/eldersnake/twtxt.txt,0.69453416715331784
https://gbmor.org/twtxt.txt,0.68228214443401025
https://yarn.yarnpods.com/user/screem/twtxt.txt,0.62714804219712617
https://txt.om.gay/twtxt.txt,0.60877000811816484
https://neotxt.dk/user/darch/twtxt.txt,0.55363590588128075
https://twtxt.net/user/antonio/twtxt.txt,0.5168798377233581
https://social.kyoko-project.wer.ee/user/akoizumi/twtxt.txt,0.40048562188993619
https://twtxt.net/user/retrocrash/twtxt.txt,0.40048562188993619
https://twtxt.net/user/justamoment/twtxt.txt,0.38823359917062861
https://twtxt.net/user/ionores/twtxt.txt,0.37598157645132108
https://twtxt.net/user/will/twtxt.txt,0.36372955373201349
http://freemor.homelinux.net:16019/~freemor/twtxt.txt,0.33309949693374458
https://twtxt.net/user/ocdtrekkie/twtxt.txt,0.3085954514951294
https://twtxt.net/user/lyxal/twtxt.txt,0.29021741741616808
https://twtxt.net/user/dooven/twtxt.txt,0.28409140605651428
https://twtxt.net/user/fastidious/twtxt.txt,0.2718393833372067
https://envs.net/~duriny/twtxt.txt,0.26571337197755296
gemini://kwiecien.us/twtxt.txt,0.23508331517928402
https://mckinley.cc/twtxt.txt,0.23508331517928402
https://f.adi.onl/user/adi/twtxt.txt,0.22283129245997643
https://niplav.github.io/twtxt.txt,0.22283129245997643
https://twtxt.net/user/marado/twtxt.txt,0.21670528110032267
https://azlen.me/twtxt.txt,0.21057926974066887
https://freemor.homelinux.net/~freemor/twtxt.txt,0.20445325838101508
https://we.loveprivacy.club/user/tel/twtxt.txt,0.20445325838101508
https://twtxt.net/user/lukem/twtxt.txt,0.19832724702136131
http://yarn.zn80.net/user/carsten/twtxt.txt,0.19220123566170755
https://jasonsanta.xyz/twtxt.txt,0.1738232015827462
https://twtxt.net/user/crunched/twtxt.txt,0.1676971902230924
https://twtxt.net/user/markwylde/twtxt.txt,0.16157117886343864
https://twtxt.net/user/stigatle/twtxt.txt,0.15544516750378484
https://mdosch.de/twtxt.txt,0.15544516750378484
https://twtxt.net/user/stats/twtxt.txt,0.14931915614413105
http://davebucklin.com/twtxt.txt,0.14931915614413105
https://twtxt.net/user/birb/twtxt.txt,0.14319314478447728
https://twtxt.net/user/twtxt/twtxt.txt,0.14319314478447728
https://tilde.town/~lucidiot/twtxt.txt,0.1309411220651697
https://yarn.stigatle.no/user/stigatle/twtxt.txt,0.1309411220651697
https://tw.lohn.in/user/lohn/twtxt.txt,0.12481511070551592
https://twtxt.net/user/screem/twtxt.txt,0.10643707662655456
https://xandkar.net/twtxt.txt,0.10643707662655456
https://kyoko.nerdpol.ovh/~akoizumi/twtxt.txt,0.10643707662655456
https://tilde.town/~von/twtxt.txt,0.10643707662655456
https://www.om.gay/text/twtxt.txt,0.10643707662655456
https://www.frogorbits.com/twtxt.txt,0.10031106526690078
https://ferengi.one/twtxt.txt,0.10031106526690078
https://twtxt.net/user/stutteringsteve/twtxt.txt,0.094185053907246991
https://lublin.se/twtxt.txt,0.094185053907246991
https://twtxt.net/user/brasshopper/twtxt.txt,0.088059042547593211
https://maya.land/assets/twtxt.txt,0.088059042547593211
https://twtxt.net/user/retronav/twtxt.txt,0.063554997108978079
https://twtxt.net/user/bml/twtxt.txt,0.063554997108978079
https://yarn.mills.io/user/james/twtxt.txt,0.057428985749324292
https://robbinaer.info/twtxt.txt,0.057428985749324292
https://hecanjog.com/twtxt.txt,0.057428985749324292
https://twtxt.net/user/rob/twtxt.txt,0.051302974389670505
http://darch.dk/twtxt.txt,0.045176963030016726
https://johanbove.info/twtxt.txt,0.045176963030016726
https://twtxt.net/user/shahzeb/twtxt.txt,0.039050951670362939
https://twtxt.net/user/hellson/twtxt.txt,0.032924940310709153
https://uninformativ.de/twtxt.txt,0.032924940310709153
https://twtxt.net/user/demetriusz/twtxt.txt,0.032924940310709153
https://twtxt.net/user/cosmix/twtxt.txt,0.032924940310709153
https://twtxt.net/user/dmje/twtxt.txt,0.032924940310709153
https://twtxt.net/user/pfefferle/twtxt.txt,0.032924940310709153
https://twtxt.net/user/flavienbwk/twtxt.txt,0.032924940310709153
https://twtxt.net/user/solquemal/twtxt.txt,0.032924940310709153
https://neotxt.dk/user/support/twtxt.txt,0.032924940310709153
https://twtxt.net/user/srohde/twtxt.txt,0.02679892895105537
https://twtxt.net/user/dai/twtxt.txt,0.02679892895105537
https://twtxt.net/user/lesley/twtxt.txt,0.02679892895105537
https://twtxt.net/user/paulinux/twtxt.txt,0.02679892895105537
https://twtxt.net/user/deebs/twtxt.txt,0.02679892895105537
https://twtxt.net/user/tomer/twtxt.txt,0.020672917591401586
https://twtxt.net/user/schollz/twtxt.txt,0.020672917591401586
gemini://rawtext.club/~apex/twtxt.txt,0.020672917591401586
https://twtxt.net/user/kevinmarks/twtxt.txt,0.020672917591401586
https://twtxt.net/user/dc/twtxt.txt,0.020672917591401586
https://twtxt.net/user/hacker_news/twtxt.txt,0.020672917591401586
https://0x1A4.1337.cx/twtxt.txt,0.014546906231747802
https://neotxt.dk/user/news/twtxt.txt,0.014546906231747802
https://twtxt.net/user/homer/twtxt.txt,0.014546906231747802
https://twtxt.net/user/darkterminal/twtxt.txt,0.014546906231747802
https://twtxt.net/user/tho/twtxt.txt,0.014546906231747802
https://twtxt.net/user/home_datacenter/twtxt.txt,0.014546906231747802
https://twtxt.net/user/jim/twtxt.txt,0.0084208948720940185
https://twtxt.net/user/cydevtech/twtxt.txt,0.0084208948720940185
https://twtxt.net/user/cock/twtxt.txt,0.0084208948720940185
https://twtxt.net/user/migandhi/twtxt.txt,0.0084208948720940185
https://tt.vltra.plus/user/fastidious/twtxt.txt,0.0084208948720940185
https://twtxt.net/user/tamer/twtxt.txt,0.0022948835124402336
https://twtxt.net/user/caesar/twtxt.txt,0.0022948835124402336
https://neotxt.dk/user/portlandbeer/twtxt.txt,0.0022948835124402336
https://kdave.github.io/twtxt.txt,-0.0038311278472135503
https://www.matthewgraybosch.com/twtxt.txt,-0.0038311278472135503
https://twtxt.net/user/oevl/twtxt.txt,-0.0099571392068673343
https://twtxt.net/user/birb-friend/twtxt.txt,-0.0099571392068673343
https://ndl.taigrr.com/user/taigrr/twtxt.txt,-0.0099571392068673343
https://twtxt.net/user/artik3t/twtxt.txt,-0.0099571392068673343
https://si3t.ch/twtxt.txt,-0.016083150566521119
https://durcheinandr.de/twtxt.txt,-0.016083150566521119
https://hjertnes.social/twtxt.txt,-0.016083150566521119
https://twtxt.net/user/observer/twtxt.txt,-0.016083150566521119
https://twtxt.net/user/rrraksamam/twtxt.txt,-0.016083150566521119
https://gbmor.dev/twtxt.txt,-0.016083150566521119
https://oh.mg/twtxt.txt,-0.016083150566521119
gemini://jsreed5.org/feeds/twtxt.txt,-0.022209161926174902
https://twtxt.net/user/sjkelleyjr/twtxt.txt,-0.022209161926174902
https://twtxt.net/user/fox/twtxt.txt,-0.022209161926174902
http://nblade.sdf.org/twtxt/twtxt.txt,-0.022209161926174902
http://tilde.club/~melyanna/twtxt.txt,-0.028335173285828689
https://twtxt.net/user/razetime/twtxt.txt,-0.028335173285828689
https://twtxt.net/user/andreottica/twtxt.txt,-0.028335173285828689
https://tilde.town/~mox/twtxt.txt,-0.028335173285828689
https://mdom.github.io/twtxt.txt,-0.034461184645482472
https://twtxt.net/user/alex/twtxt.txt,-0.034461184645482472
https://twtxt.net/user/westbam/twtxt.txt,-0.034461184645482472
https://twtxt.net/user/anx/twtxt.txt,-0.034461184645482472
https://twtxt.net/user/type_v/twtxt.txt,-0.034461184645482472
https://www.metamurks.org/twtxt.txt,-0.040587196005136258
https://twtxt.net/user/nexeq/twtxt.txt,-0.040587196005136258
http://twt.nfld.uk/user/jlj/twtxt.txt,-0.040587196005136258
http://pestilenz.org/~ckeen/twtxt.txt,-0.046713207364790038
https://twtxt.net/user/crunch/twtxt.txt,-0.046713207364790038
https://www.gkbrk.com/twtxt.txt,-0.046713207364790038
https://tilde.club/~iolfree/twtxt.txt,-0.046713207364790038
https://dracoblue.net/twtxt.txt,-0.046713207364790038
https://twtxt.net/user/lazarus/twtxt.txt,-0.046713207364790038
https://tilde.pt/~marado/twtxt.txt,-0.046713207364790038
https://twtxt.net/user/twilightsparkle/twtxt.txt,-0.052839218724443825
gemini://tilde.team/~jdtron/twtxt.txt,-0.052839218724443825
https://twtxt.net/user/kevin/twtxt.txt,-0.052839218724443825
https://twt.rjp.is/user/zimpenfish/twtxt.txt,-0.052839218724443825
https://twtxt.net/user/usr/twtxt.txt,-0.052839218724443825
https://kolesnikov.se/twtxt.txt,-0.052839218724443825
https://dev.exherbo.org/~alip/twtxt.txt,-0.052839218724443825
https://we.loveprivacy.club/user/prologic/twtxt.txt,-0.052839218724443825
https://twtxt.net/user/astrophotography/twtxt.txt,-0.052839218724443825
https://twtxt.net/user/saltyim/twtxt.txt,-0.052839218724443825
https://twtxt.net/user/jcrawford/twtxt.txt,-0.058965230084097611
https://twtxt.net/user/nullsh/twtxt.txt,-0.058965230084097611
https://twtxt.net/user/kayos/twtxt.txt,-0.058965230084097611
https://pbat.ch/twtxt.txt,-0.058965230084097611
https://we.loveprivacy.club/user/eldersnake/twtxt.txt,-0.058965230084097611
https://twt.nfld.uk/user/search_social/twtxt.txt,-0.058965230084097611
https://twtxt.netbros.com/twtxt.txt,-0.058965230084097611
https://twtxt.net/user/readfog/twtxt.txt,-0.058965230084097611
http://vigintitres.eu/twtxt.txt,-0.058965230084097611
https://shroom.party/twtxt.txt,-0.058965230084097611
https://devtxt.quisquiliae.com/user/ullarah/twtxt.txt,-0.058965230084097611
https://twtxt.net/user/mearaj/twtxt.txt,-0.058965230084097611
https://rosaelefanten.org/twtxt.txt,-0.065091241443751391
https://twtxt.net/user/thewismit/twtxt.txt,-0.065091241443751391
https://twtxt.net/user/alexp/twtxt.txt,-0.065091241443751391
https://twtxt.net/user/agentcasey/twtxt.txt,-0.065091241443751391
https://twtxt.net/user/deadguy/twtxt.txt,-0.065091241443751391
http://lahvak.github.io/twtxt/twtxt.txt,-0.065091241443751391
https://john.colagioia.net/twtxt.txt,-0.065091241443751391
https://twtxt.net/user/petstorm/twtxt.txt,-0.065091241443751391
http://grex.org/~tfurrows/twtxt.txt,-0.065091241443751391
https://jb55.com/twtxt.txt,-0.071217252803405171
https://neotxt.dk/user/retrocrash/twtxt.txt,-0.071217252803405171
https://timmorgan.org/twtxt.txt,-0.071217252803405171
https://anthony.buc.ci/user/testuser/twtxt.txt,-0.071217252803405171
https://txt.sour.is/user/watcher/twtxt.txt,-0.071217252803405171
gemini://om.gay/twtxt.txt,-0.071217252803405171
https://neotxt.dk/user/andreottica/twtxt.txt,-0.071217252803405171
https://twtxt.net/user/gareppa/twtxt.txt,-0.071217252803405171
https://twtxt.net/user/yarn_police/twtxt.txt,-0.071217252803405171
https://tilde.pt/~gil/twtxt.txt,-0.071217252803405171
https://twtxt.net/user/yarn_pwa/twtxt.txt,-0.071217252803405171
https://twtxt.net/user/servusdei/twtxt.txt,-0.071217252803405171
https://petedeas.co.uk/twtxt.txt,-0.071217252803405171
https://gugod.org/twtxt.txt,-0.071217252803405171
https://twtxt.net/user/apptester/twtxt.txt,-0.077343264163058964
https://twtxt.opstack.info/twtxt.txt,-0.077343264163058964
https://twtxt.net/user/defi/twtxt.txt,-0.077343264163058964
https://twtxt.net/user/palash/twtxt.txt,-0.077343264163058964
https://twtxt.net/user/agusandriputra/twtxt.txt,-0.077343264163058964
https://twtxt.net/user/vito/twtxt.txt,-0.077343264163058964
https://tfurrows.com/twtxt.txt,-0.077343264163058964
https://twtxt.net/user/denisovich/twtxt.txt,-0.077343264163058964
https://txt.eli.li/twtxt/twtxt.txt,-0.077343264163058964
https://baty.twt.social/user/jack/twtxt.txt,-0.077343264163058964
https://twtxt.net/user/rocknswap/twtxt.txt,-0.077343264163058964
https://twtxt.net/user/indieweb/twtxt.txt,-0.077343264163058964
https://sixbitproxywax.com/twtxt.txt,-0.077343264163058964
https://twtxt.net/user/cvshumake/twtxt.txt,-0.083469275522712744
http://mk.sdf.org/twtxt.txt,-0.083469275522712744
https://twtxt.net/user/hxii/twtxt.txt,-0.083469275522712744
https://twtxt.net/user/john/twtxt.txt,-0.083469275522712744
https://twtxt.net/user/robotamer/twtxt.txt,-0.083469275522712744
http://krt.marmaro.de/twtxt.txt,-0.083469275522712744
http://twtxt.prismdragon.net/twtxt.txt,-0.083469275522712744
http://philmcclure.duckdns.org/twtxt.txt,-0.083469275522712744
https://twtxt.net/user/mkws/twtxt.txt,-0.083469275522712744
https://twtxt.net/user/ataco/twtxt.txt,-0.083469275522712744
https://texto-plano.xyz/~eaplmx/twtxt.txt,-0.083469275522712744
https://twtxt.net/user/marguesto/twtxt.txt,-0.083469275522712744
http://pelmel.org/twtxt.txt,-0.083469275522712744
https://twtxt.net/user/news_feed/twtxt.txt,-0.083469275522712744
https://twtxt.net/user/arnauld/twtxt.txt,-0.083469275522712744
https://twtxt.psynergy.io/user/thewismit/twtxt.txt,-0.083469275522712744
https://twtxt.net/user/xavavu/twtxt.txt,-0.083469275522712744
https://twtxt.net/user/code_golf/twtxt.txt,-0.083469275522712744
https://twtxt.net/user/vgn/twtxt.txt,-0.083469275522712744
https://twtxt.net/user/priyal/twtxt.txt,-0.083469275522712744
https://twtxt.net/user/recipes/twtxt.txt,-0.083469275522712744
https://neotxt.dk/user/hans/twtxt.txt,-0.083469275522712744
https://neotxt.dk/user/wikomaya/twtxt.txt,-0.083469275522712744
https://twtxt.net/user/korynunn/twtxt.txt,-0.083469275522712744
https://eapl.mx/twtxt.txt,-0.083469275522712744
https://twtxt.net/user/mayaphy/twtxt.txt,-0.083469275522712744
https://neotxt.dk/user/myway/twtxt.txt,-0.083469275522712744
https://twtxt.net/user/onezeroeight/twtxt.txt,-0.083469275522712744
https://tilde.town/~fastidious/twtxt.txt,-0.089595286882366523
https://twtxt.net/user/sudo/twtxt.txt,-0.089595286882366523
https://prologic.github.io/twtxt.txt,-0.089595286882366523
https://twtxt.net/user/daviseffom/twtxt.txt,-0.089595286882366523
https://twtxt.net/user/felipeweber/twtxt.txt,-0.089595286882366523
https://twtxt.net/user/bre/twtxt.txt,-0.089595286882366523
https://derkirche.u.blinkenshell.org/twtxt.txt,-0.089595286882366523
https://g1n.ttm.sh/twtxt.txt,-0.089595286882366523
https://chrono.tilde.cafe/twtxt.txt,-0.089595286882366523
https://twtxt.net/user/pinalg/twtxt.txt,-0.089595286882366523
https://twtxt.net/user/russd/twtxt.txt,-0.089595286882366523
https://twtxt.net/user/dbohdan/twtxt.txt,-0.089595286882366523
https://twtxt.net/user/darren/twtxt.txt,-0.089595286882366523
https://twtxt.net/user/dilbert/twtxt.txt,-0.089595286882366523
https://tilde.cafe/~novaburst/twtxt.txt,-0.089595286882366523
https://twtxt.net/user/twtxtsf/twtxt.txt,-0.089595286882366523
https://www.twtxt.cc/user/venjiang/twtxt.txt,-0.089595286882366523
https://twtxt.net/user/ghklhijsd/twtxt.txt,-0.089595286882366523
https://twtxt.net/user/boromil/twtxt.txt,-0.089595286882366523
https://twtxt.net/user/local_wonders/twtxt.txt,-0.089595286882366523
https://darch.neocities.org/twtxt.txt,-0.089595286882366523
https://twtxt.kdy.ch/twtxt.txt,-0.089595286882366523
https://twtxt.net/user/maks/twtxt.txt,-0.089595286882366523
https://twtxt.net/user/justfortry/twtxt.txt,-0.089595286882366523
http://benaiah.me/twtxt.txt,-0.089595286882366523
https://tilde.team/~novaburst/twtxt.txt,-0.089595286882366523
https://twtxt.net/user/magnus/twtxt.txt,-0.089595286882366523
https://yarn.meff.me/user/meff/twtxt.txt,-0.089595286882366523
https://twtxt.net/user/svendowideit/twtxt.txt,-0.089595286882366523
https://yarnd.orbsmart.synology.me/user/carsten/twtxt.txt,-0.089595286882366523
https://twtxt.net/user/tate/twtxt.txt,-0.089595286882366523
https://social.manweone.manko.yoga/user/manwe/twtxt.txt,-0.089595286882366523
https://twtxt.net/user/aman/twtxt.txt,-0.089595286882366523
https://twtxt.net/user/lisasic/twtxt.txt,-0.089595286882366523
https://twtxt.net/user/sousousaw/twtxt.txt,-0.089595286882366523
http://edsu.github.io/twtxt/twtxt.txt,-0.089595286882366523
https://twtxt.net/user/tca/twtxt.txt,-0.089595286882366523
https://dgy.fuckup.club/twtxt.txt,-0.089595286882366523
https://twtxt.net/user/gnu_emacs/twtxt.txt,-0.089595286882366523
https://twtxt.net/user/deep_fake_channel/twtxt.txt,-0.089595286882366523
https://twtxt.net/user/stxh/twtxt.txt,-0.089595286882366523
https://twtxt.net/user/joe/twtxt.txt,-0.095721298242020317
https://twtxt.net/user/nandang/twtxt.txt,-0.095721298242020317
https://twtxt.net/user/papz/twtxt.txt,-0.095721298242020317
https://twtxt.net/user/neoboard/twtxt.txt,-0.095721298242020317
https://twtxt.net/user/anup/twtxt.txt,-0.095721298242020317
https://twtxt.net/user/henseegeek/twtxt.txt,-0.095721298242020317
https://tilde.club/~melyanna/twtxt.txt,-0.095721298242020317
https://twtxt.net/user/k0rr/twtxt.txt,-0.095721298242020317
https://twtxt.net/user/phoenix/twtxt.txt,-0.095721298242020317
https://twtxt.net/user/wikomaya/twtxt.txt,-0.095721298242020317
https://we.loveprivacy.club/user/james/twtxt.txt,-0.095721298242020317
https://twtxt.net/user/hirad/twtxt.txt,-0.095721298242020317
https://twtxt.net/user/cyberjames/twtxt.txt,-0.095721298242020317
https://twtxt.net/user/polalis/twtxt.txt,-0.095721298242020317
https://birkbak.neocities.org/twtxt.txt,-0.095721298242020317
https://twtxt.net/user/dendiz/twtxt.txt,-0.095721298242020317
https://twtxt.net/user/jlk/twtxt.txt,-0.095721298242020317
https://neotxt.dk/user/ugowaigh/twtxt.txt,-0.095721298242020317
https://twtxt.net/user/rmdes/twtxt.txt,-0.095721298242020317
https://warmedal.se/~bjorn/twtxt.txt,-0.095721298242020317
gemini://sdf.org/lunchboxhero/twtxt.txt,-0.095721298242020317
https://twtxt.net/user/crosswordclue/twtxt.txt,-0.095721298242020317
https://twtxt.net/user/klagefall/twtxt.txt,-0.095721298242020317
https://eveningwear.twt.social/user/eveningwear/twtxt.txt,-0.095721298242020317
https://twtxt.net/user/zaksic/twtxt.txt,-0.095721298242020317
gopher://g.nixers.net/0/~z3bra/twtxt.txt,-0.095721298242020317
https://twtxt.net/user/natascha_e/twtxt.txt,-0.095721298242020317
https://twtxt.net/user/hijsi/twtxt.txt,-0.095721298242020317
https://twtxt.net/user/oky/twtxt.txt,-0.095721298242020317
https://twtxt.net/user/sttanner/twtxt.txt,-0.095721298242020317
https://dgold.eu/twtxt.txt,-0.095721298242020317
https://twtxt.net/user/nirmal_kumar/twtxt.txt,-0.095721298242020317
https://twtxt.net/user/alpacanist/twtxt.txt,-0.095721298242020317
https://twtxt.net/user/stevenmes/twtxt.txt,-0.095721298242020317
https://twtxt.net/user/tim/twtxt.txt,-0.095721298242020317
https://twtxt.net/user/er/twtxt.txt,-0.095721298242020317
https://twtxt.net/user/bram/twtxt.txt,-0.095721298242020317
https://twtxt.net/user/waterlooweekend/twtxt.txt,-0.095721298242020317
https://twtxt.net/user/slackjeff/twtxt.txt,-0.095721298242020317
https://twtxt.net/user/billdiscussions/twtxt.txt,-0.095721298242020317
https://twtxt.net/user/rell/twtxt.txt,-0.095721298242020317
https://neotxt.dk/user/sol/twtxt.txt,-0.095721298242020317
https://twtxt.net/user/lyse-backup/twtxt.txt,-0.095721298242020317
https://twtxt.net/user/paulsic/twtxt.txt,-0.095721298242020317
https://twtxt.net/user/testdrive/twtxt.txt,-0.095721298242020317
https://twtxt.net/user/help/twtxt.txt,-0.095721298242020317
https://tilde.town/~mr_woggle/twtxt.txt,-0.095721298242020317
https://neotxt.dk/user/devil_may_code/twtxt.txt,-0.095721298242020317
https://vinc.cc/twtxt.txt,-0.095721298242020317
https://twtxt.net/user/alansic/twtxt.txt,-0.095721298242020317
https://twtxt.net/user/yale/twtxt.txt,-0.095721298242020317
https://twtxt.net/user/mlctrez/twtxt.txt,-0.095721298242020317
https://twtxt.net/user/lazzzko/twtxt.txt,-0.095721298242020317
https://twtxt.net/user/vivos/twtxt.txt,-0.095721298242020317
https://twtxt.net/user/nickmellor/twtxt.txt,-0.095721298242020317
https://karl.theharrisclan.net/twtxt.txt,-0.095721298242020317
https://twtxt.net/user/annekemp/twtxt.txt,-0.1018473096016741
https://twtxt.net/user/mabdalrahman/twtxt.txt,-0.1018473096016741
https://yarn.andrewjvpowell.com/user/stxh/twtxt.txt,-0.1018473096016741
https://twtxt.net/user/frankiem/twtxt.txt,-0.1018473096016741
https://twtxt.net/user/tommyhourl/twtxt.txt,-0.1018473096016741
https://twtxt.net/user/asepaned/twtxt.txt,-0.1018473096016741
http://ruebot.github.io/twtxt/twtxt.txt,-0.1018473096016741
https://deadblackclover.cipherdogs.net/twtxt.txt,-0.1018473096016741
https://twtxt.net/user/andycrestodina/twtxt.txt,-0.1018473096016741
https://twtxt.net/user/sull/twtxt.txt,-0.1018473096016741
https://blog.thewismit.com/user/thewismit/twtxt.txt,-0.1018473096016741
https://twtxt.net/user/jamesduh/twtxt.txt,-0.1018473096016741
https://twtxt.net/user/montaeashwath/twtxt.txt,-0.1018473096016741
https://twt.nfld.uk/user/sanda/twtxt.txt,-0.1018473096016741
http://hss.zyrxj.com/user/test/twtxt.txt,-0.1018473096016741
https://twtxt.net/user/spammer/twtxt.txt,-0.1018473096016741
https://twtxt.net/user/l3db3tt3r/twtxt.txt,-0.1018473096016741
https://twtxt.net/user/kevinm/twtxt.txt,-0.1018473096016741
https://neotxt.dk/user/prologic/twtxt.txt,-0.1018473096016741
https://neotxt.dk/user/aarroondiazz/twtxt.txt,-0.1018473096016741
https://twtxt.net/user/judysic/twtxt.txt,-0.1018473096016741
https://jdtron.tilde.team/twtxt.txt,-0.1018473096016741
https://twtxt.net/user/micllit/twtxt.txt,-0.1018473096016741
https://twtxt.net/user/goofmint/twtxt.txt,-0.1018473096016741
https://triptico.com/twtxt.txt,-0.1018473096016741
https://twtxt.net/user/s/twtxt.txt,-0.1018473096016741
https://twtxt.net/user/marksic/twtxt.txt,-0.1018473096016741
https://twtxt.net/user/williamlor/twtxt.txt,-0.1018473096016741
https://twtxt.net/user/ivysic/twtxt.txt,-0.1018473096016741
https://twtxt.net/user/michaelgot/twtxt.txt,-0.1018473096016741
https://twtxt.net/user/archerships/twtxt.txt,-0.1018473096016741
http://clementd-files.cellar.services.clever-cloud.com/twtxt.txt,-0.1018473096016741
https://twtxt.net/user/ricnax/twtxt.txt,-0.1018473096016741
https://twtxt.net/user/jao/twtxt.txt,-0.1018473096016741
https://twtxt.net/user/mr_woggle/twtxt.txt,-0.1018473096016741
https://twtxt.net/user/evasic/twtxt.txt,-0.1018473096016741
https://twtxt.net/user/jacky/twtxt.txt,-0.1018473096016741
https://twtxt.net/user/michaelisomb/twtxt.txt,-0.1018473096016741
https://twtxt.net/user/ashsic/twtxt.txt,-0.1018473096016741
https://twtxt.net/user/davidphymn/twtxt.txt,-0.1018473096016741
https://twtxt.net/user/suesic/twtxt.txt,-0.1018473096016741
https://twtxt.net/user/elwooddok/twtxt.txt,-0.1018473096016741
https://txt.sour.is/user/burglar/twtxt.txt,-0.1018473096016741
https://twtxt.net/user/garisix/twtxt.txt,-0.1018473096016741
https://twtxt.net/user/dhev/twtxt.txt,-0.1018473096016741
https://neotxt.dk/user/francesharper/twtxt.txt,-0.1018473096016741
https://twtxt.net/user/tatttelihansale/twtxt.txt,-0.1018473096016741
https://twtxt.net/user/jimsic/twtxt.txt,-0.1018473096016741
https://twtxt.net/user/jslr/twtxt.txt,-0.1018473096016741
https://twtxt.net/user/loupbrun/twtxt.txt,-0.1018473096016741
https://twtxt.net/user/annasic/twtxt.txt,-0.1018473096016741
https://twtxt.net/user/kshumake/twtxt.txt,-0.1018473096016741
https://twtxt.net/user/lin/twtxt.txt,-0.1018473096016741
https://twtxt.net/user/samualdiaz/twtxt.txt,-0.1018473096016741
https://twtxt.net/user/pc/twtxt.txt,-0.1018473096016741
https://twtxt.net/user/tknz/twtxt.txt,-0.1018473096016741
https://twtxt.net/user/marcfp/twtxt.txt,-0.1018473096016741
https://twtxt.net/user/testest/twtxt.txt,-0.1018473096016741
https://twtxt.net/user/mjy/twtxt.txt,-0.1018473096016741
https://pond.computer/twtxt.txt,-0.1018473096016741
https://raw.githubusercontent.com/tkanos/twtxt/master/twtxt.txt,-0.1018473096016741
https://twtxt.net/user/god/twtxt.txt,-0.1018473096016741
https://twtxt.net/user/charlestus/twtxt.txt,-0.1018473096016741
https://twtxt.net/user/evaconner/twtxt.txt,-0.1018473096016741
http://www.port111.com/george/twtxt.txt,-0.1018473096016741
http://www.domgoergen.com/twtxt.txt,-0.1018473096016741
https://neotxt.dk/user/remizoffalex/twtxt.txt,-0.1018473096016741
https://twtxt.net/user/rudolfskada/twtxt.txt,-0.1018473096016741
https://twtxt.net/user/minifix/twtxt.txt,-0.1018473096016741
https://twtxt.net/user/swift_lang/twtxt.txt,-0.1018473096016741
https://abliss.keybase.pub/twtxt.txt,-0.1018473096016741
https://twtxt.net/user/superbil/twtxt.txt,-0.1018473096016741
https://twtxt.net/user/charlotteamysr/twtxt.txt,-0.1018473096016741
https://twtxt.net/user/sjdhfkh/twtxt.txt,-0.1018473096016741
https://twtxt.net/user/joejenett/twtxt.txt,-0.1018473096016741
https://destroyed.today/twtxt.txt,-0.1018473096016741
https://twtxt.net/user/joegetcouragenow/twtxt.txt,-0.1018473096016741
https://twtxt.net/user/fud/twtxt.txt,-0.1018473096016741
https://twtxt.net/user/teosic/twtxt.txt,-0.1018473096016741
https://twtxt.net/user/yonsic/twtxt.txt,-0.1018473096016741
https://twtxt.net/user/anortuark/twtxt.txt,-0.1018473096016741
https://twtxt.net/user/olin-monster/twtxt.txt,-0.1018473096016741
https://twtxt.net/user/olav/twtxt.txt,-0.1018473096016741
https://twtxt.net/user/serzwua/twtxt.txt,-0.1018473096016741
https://twtxt.net/user/curtisfug/twtxt.txt,-0.1018473096016741
https://twtxt.net/user/janesic/twtxt.txt,-0.1018473096016741
https://twtxt.net/user/netdata/twtxt.txt,-0.1018473096016741
https://twtxt.net/user/allanjackob/twtxt.txt,-0.1018473096016741
https://twtxt.net/user/edgarlap/twtxt.txt,-0.1018473096016741
https://twtxt.net/user/nicksic/twtxt.txt,-0.1018473096016741
https://twtxt.net/user/zwlllizi/twtxt.txt,-0.1018473096016741
https://twtxt.net/user/ugosic/twtxt.txt,-0.1018473096016741
https://twtxt.net/user/marysic/twtxt.txt,-0.1018473096016741
https://r1k.tilde.institute/twtxt.txt,-0.1018473096016741
https://twtxt.net/user/cipher/twtxt.txt,-0.1018473096016741
https://twtxt.net/user/nlogn/twtxt.txt,-0.1018473096016741
https://twtxt.net/user/michaelgaing/twtxt.txt,-0.1018473096016741
https://twtxt.net/user/nk/twtxt.txt,-0.1018473096016741
http://scott.vranesh-fallin.com/twtxt.txt,-0.1018473096016741
https://twtxt.net/user/jasonsic/twtxt.txt,-0.1018473096016741
https://twtxt.net/user/robertcoend/twtxt.txt,-0.1018473096016741
https://tilde.team/~benk/twtxt.txt,-0.1018473096016741
https://twtxt.net/user/michaelhog/twtxt.txt,-0.1018473096016741
https://twtxt.net/user/redbaton/twtxt.txt,-0.1018473096016741
https://twtxt.rodolpho.onoeck.de/twtxt.txt,-0.1018473096016741
https://twtxt.net/user/josephmop/twtxt.txt,-0.1018473096016741
https://codemadness.org/twtxt.txt,-0.1018473096016741
https://wiki.xxiivv.com/twtxt.txt,-0.1018473096016741
https://envs.net/~creme/twtxt.txt,-0.1018473096016741
https://neotxt.dk/user/pedro/twtxt.txt,-0.1018473096016741
https://twtxt.net/user/amysic/twtxt.txt,-0.1018473096016741
https://twtxt.net/user/estebanambub/twtxt.txt,-0.1018473096016741
https://twtxt.net/user/wimsic/twtxt.txt,-0.1018473096016741
https://tilde.team/~lucas/twtxt.txt,-0.1018473096016741
https://twtxt.net/user/richarditawn/twtxt.txt,-0.1018473096016741
https://twtxt.net/user/timothyjob/twtxt.txt,-0.1018473096016741
https://www.gr0k.net/twtxt.txt,-0.1018473096016741
https://twtxt.net/user/aatikakhan/twtxt.txt,-0.1018473096016741
https://twtxt.net/user/enochthec/twtxt.txt,-0.1018473096016741
https://twtxt.net/user/lonfas/twtxt.txt,-0.1018473096016741
https://mentano.org/user/lukas/twtxt.txt,-0.1018473096016741
https://twtxt.net/user/jacksic/twtxt.txt,-0.1018473096016741
https://twtxt.net/user/darrylned/twtxt.txt,-0.1018473096016741
https://twtxt.net/user/cmiksche/twtxt.txt,-0.1018473096016741
https://twtxt.net/user/boosic/twtxt.txt,-0.1018473096016741
https://akraut.keybase.pub/twtxt.txt,-0.1018473096016741
https://uxg.ch/twtxt.txt,-0.1018473096016741
https://twtxt.net/user/vytek/twtxt.txt,-0.1018473096016741
https://twtxt.net/user/samsic/twtxt.txt,-0.1018473096016741
https://twtxt.net/user/crypto/twtxt.txt,-0.1018473096016741
https://twtxt.net/user/gabz/twtxt.txt,-0.1018473096016741
https://twtxt.net/user/miasic/twtxt.txt,-0.1018473096016741
https://lucas.tild3.org/twtxt.txt,-0.1018473096016741
https://neotxt.dk/user/jay/twtxt.txt,-0.10797332096132788
https://twtxt.net/user/xfnw/twtxt.txt,-0.10797332096132788
https://twtxt.net/user/xeronull/twtxt.txt,-0.10797332096132788
https://neotxt.dk/user/archiecadell/twtxt.txt,-0.10797332096132788
https://twtxt.net/user/anayvoraa/twtxt.txt,-0.10797332096132788
https://ivanruvalcaba.cf/twtxt.txt,-0.10797332096132788
https://twtxt.net/user/emredeger/twtxt.txt,-0.10797332096132788
https://twtxt.net/user/haiancut/twtxt.txt,-0.10797332096132788
https://txt.sour.is/user/twtxt/twtxt.txt,-0.10797332096132788
https://twtxt.net/user/craigheedo/twtxt.txt,-0.10797332096132788
https://twtxt.net/user/darch-events/twtxt.txt,-0.10797332096132788
https://twtxt.net/user/xkcd/twtxt.txt,-0.10797332096132788
https://twtxt.net/user/igorvco/twtxt.txt,-0.10797332096132788
https://twtxt.net/user/samuelcon/twtxt.txt,-0.10797332096132788
https://twtxt.net/user/helenavigo/twtxt.txt,-0.10797332096132788
https://twtxt.net/user/shiweifu/twtxt.txt,-0.10797332096132788
https://tilde.team/~tildebeast/twtxt/twtxt.txt,-0.10797332096132788
https://twtxt.net/user/superyarn/twtxt.txt,-0.10797332096132788
https://twtxt.net/user/l33roy/twtxt.txt,-0.10797332096132788
https://twtxt.net/user/ivanpuh/twtxt.txt,-0.10797332096132788
https://twtxt.net/user/levkhw/twtxt.txt,-0.10797332096132788
https://twtxt.net/user/dev/twtxt.txt,-0.10797332096132788
https://twtxt.net/user/julifmj/twtxt.txt,-0.10797332096132788
https://twtxt.net/user/mww/twtxt.txt,-0.10797332096132788
https://tt.vltra.plus/user/blurbs/twtxt.txt,-0.10797332096132788
https://twtxt.net/user/nghiadepzai/twtxt.txt,-0.10797332096132788
https://twtxt.net/user/fachex/twtxt.txt,-0.10797332096132788
https://twtxt.net/user/myfeed/twtxt.txt,-0.10797332096132788
https://twtxt.net/user/leonken/twtxt.txt,-0.10797332096132788
https://twtxt.net/user/arcaderaven/twtxt.txt,-0.10797332096132788
https://twtxt.net/user/toki_pona/twtxt.txt,-0.10797332096132788
https://twtxt.net/user/freddo/twtxt.txt,-0.10797332096132788
https://tolstoevsky.ml/twtxt.txt,-0.10797332096132788
https://twtxt.net/user/photo/twtxt.txt,-0.10797332096132788
https://twtxt.net/user/sifteft/twtxt.txt,-0.10797332096132788
https://twtxt.net/user/theamazingeagle/twtxt.txt,-0.10797332096132788
https://twtxt.net/user/heyjude/twtxt.txt,-0.10797332096132788
https://yarn.zn80.net/user/janeraini/twtxt.txt,-0.10797332096132788
https://yarn.yarnpods.com/user/leo/twtxt.txt,-0.10797332096132788
https://twt.nfld.uk/user/o11y/twtxt.txt,-0.10797332096132788
https://bootlog.org/twtxt.txt,-0.10797332096132788
https://twtxt.net/user/ilushiknsk/twtxt.txt,-0.10797332096132788
https://twtxt.net/user/xxx/twtxt.txt,-0.10797332096132788
https://twtxt.net/user/demo/twtxt.txt,-0.10797332096132788
https://twtxt.net/user/evgeny_kalinin/twtxt.txt,-0.10797332096132788
https://twtxt.net/user/clawclaw/twtxt.txt,-0.10797332096132788
https://twtxt.net/user/abertwrids/twtxt.txt,-0.10797332096132788
https://twtxt.net/user/carlsic/twtxt.txt,-0.10797332096132788
https://neotxt.dk/user/soledad/twtxt.txt,-0.10797332096132788
https://tilde.pt/~epifanio/twtxt.txt,-0.10797332096132788
https://twtxt.net/user/onlyfansreview/twtxt.txt,-0.10797332096132788
https://neotxt.dk/user/akoizumi/twtxt.txt,-0.10797332096132788
https://twtxt.net/user/marvinfrusa/twtxt.txt,-0.10797332096132788
https://twtxt.net/user/arbytr/twtxt.txt,-0.10797332096132788
https://twtxt.net/user/amitbasuri/twtxt.txt,-0.10797332096132788
https://twtxt.net/user/svetlebr/twtxt.txt,-0.10797332096132788
https://twtxt.ti-l.de/twtxt.txt,-0.10797332096132788
https://twtxt.net/user/vilianabcq/twtxt.txt,-0.10797332096132788
https://twtxt.net/user/rodneywar/twtxt.txt,-0.10797332096132788
https://twtxt.net/user/iggi/twtxt.txt,-0.10797332096132788
https://twtxt.net/user/excecharm/twtxt.txt,-0.10797332096132788
https://twtxt.net/user/arisu/twtxt.txt,-0.10797332096132788
https://twtxt.net/user/rounak/twtxt.txt,-0.10797332096132788
https://twtxt.net/user/i_am_a_birb/twtxt.txt,-0.10797332096132788
https://twtxt.net/user/anvis/twtxt.txt,-0.10797332096132788
https://neotxt.dk/user/roy/twtxt.txt,-0.10797332096132788
https://twtxt.net/user/justinakers/twtxt.txt,-0.10797332096132788
https://twtxt.net/user/test_feed/twtxt.txt,-0.10797332096132788
https://twtxt.net/user/theodric/twtxt.txt,-0.10797332096132788
https://twtxt.net/user/hanrydavies/twtxt.txt,-0.10797332096132788
https://twtxt.net/user/hans/twtxt.txt,-0.10797332096132788
https://twtxt.net/user/joesic/twtxt.txt,-0.10797332096132788
https://twtxt.net/user/evd3v/twtxt.txt,-0.10797332096132788
https://twtxt.net/user/make/twtxt.txt,-0.10797332096132788
http://akkartik.name/twtxt.txt,-0.10797332096132788
https://twtxt.net/user/usescerce/twtxt.txt,-0.10797332096132788
https://twtxt.net/user/kimsic/twtxt.txt,-0.10797332096132788
https://twtxt.net/user/emborgo/twtxt.txt,-0.10797332096132788
https://hjacobs.codeberg.page/twtxt.txt,-0.10797332096132788
https://twtxt.net/user/xenopunk/twtxt.txt,-0.10797332096132788
https://twtxt.net/user/lists-test/twtxt.txt,-0.10797332096132788
https://super.seekrit.club/twtxt.txt,-0.10797332096132788
https://twtxt.net/user/ms/twtxt.txt,-0.10797332096132788
https://twtxt.net/user/harryjames/twtxt.txt,-0.10797332096132788
https://twtxt.net/user/testytest/twtxt.txt,-0.10797332096132788
https://twtxt.net/user/viktorivkm/twtxt.txt,-0.10797332096132788
https://twtxt.net/user/geeky_panda/twtxt.txt,-0.10797332096132788
https://twtxt.net/user/slater/twtxt.txt,-0.10797332096132788
https://twtxt.net/user/axbcdpaink/twtxt.txt,-0.10797332096132788
https://twtxt.net/user/gabi/twtxt.txt,-0.10797332096132788
https://twtxt.net/user/levsiw/twtxt.txt,-0.10797332096132788
https://twtxt.net/user/sn0wydr1ft/twtxt.txt,-0.10797332096132788
https://twtxt.net/user/prikesh/twtxt.txt,-0.10797332096132788
https://twtxt.net/user/soinfus/twtxt.txt,-0.10797332096132788
https://4069.twt.social/user/james/twtxt.txt,-0.10797332096132788
https://twtxt.net/user/viktoridbu/twtxt.txt,-0.10797332096132788
https://www.uninformativ.de/user/vain/twtxt.txt,-0.10797332096132788
https://twtxt.net/user/jhtn/twtxt.txt,-0.10797332096132788
https://nonlinear.radiofreqs.space/twtxt.txt,-0.10797332096132788
https://envs.net/~ekkie/twtxt.txt,-0.10797332096132788
https://www.theorganization.net/twtxt.txt,-0.10797332096132788
https://twtxt.net/user/idion/twtxt.txt,-0.10797332096132788
https://twtxt.net/user/koko/twtxt.txt,-0.10797332096132788
https://0x1a4.1337.cx/twtxt.txt,-0.10797332096132788
https://twtxt.net/user/enoch/twtxt.txt,-0.10797332096132788
https://twtxt.net/user/kennethedist/twtxt.txt,-0.10797332096132788
https://twtxt.net/user/levozv/twtxt.txt,-0.10797332096132788
https://twt.nfld.uk/user/rebelljoe/twtxt.txt,-0.10797332096132788
https://twtxt.net/user/yom/twtxt.txt,-0.10797332096132788
https://twtxt.net/user/kodaira313a/twtxt.txt,-0.10797332096132788
http://twt.nfld.uk/user/alice/twtxt.txt,-0.10797332096132788
gemini://warmedal.se/~bjorn/twtxt.txt,-0.10797332096132788
https://twtxt.net/user/azertwrids/twtxt.txt,-0.10797332096132788
https://arrakis.netbros.com/user/pedantic/twtxt.txt,-0.10797332096132788
https://twtxt.net/user/jkriss/twtxt.txt,-0.10797332096132788
https://twtxt.net/user/kiasic/twtxt.txt,-0.10797332096132788
https://twtxt.net/user/eyesic/twtxt.txt,-0.10797332096132788
https://twtxt.net/user/jonathanthom/twtxt.txt,-0.10797332096132788
https://yarn.zn80.net/user/random-thoughts/twtxt.txt,-0.11409933232098167
https://twtxt.net/user/m15o/twtxt.txt,-0.11409933232098167
https://twtxt.net/user/veleventh/twtxt.txt,-0.11409933232098167
https://twtxt.lpho.de/twtxt.txt,-0.11409933232098167
https://twtxt.net/user/nima/twtxt.txt,-0.11409933232098167
https://twtxt.net/user/acex/twtxt.txt,-0.11409933232098167
https://twtxt.net/user/yeast/twtxt.txt,-0.11409933232098167
https://twtxt.net/user/vlad/twtxt.txt,-0.11409933232098167
https://twtxt.net/user/tonygilkerson/twtxt.txt,-0.11409933232098167
https://twtxt.net/user/webi/twtxt.txt,-0.11409933232098167
https://twtxt.net/user/vedant/twtxt.txt,-0.11409933232098167
https://twtxt.net/user/gnusupport/twtxt.txt,-0.11409933232098167
https://twtxt.net/user/neilblaze/twtxt.txt,-0.11409933232098167
https://twtxt.net/user/ivanruvalcaba/twtxt.txt,-0.11409933232098167
https://twtxt.net/user/kamme/twtxt.txt,-0.11409933232098167
https://twtxt.net/user/levgah/twtxt.txt,-0.11409933232098167
https://irongeek.net/twtxt.txt,-0.11409933232098167
https://twtxt.net/user/dylan/twtxt.txt,-0.11409933232098167
https://twtxt.net/user/idly_majestic/twtxt.txt,-0.11409933232098167
http://tt.vltra.plus/user/laz/twtxt.txt,-0.11409933232098167
https://twtxt.net/user/ns/twtxt.txt,-0.11409933232098167
https://twtxt.net/user/netflixlwrids/twtxt.txt,-0.11409933232098167
https://txt.quisquiliae.com/user/twtxt/twtxt.txt,-0.11409933232098167
https://twtxt.net/user/robgrant/twtxt.txt,-0.11409933232098167
https://twtxt.net/user/northanon/twtxt.txt,-0.11409933232098167
https://neotxt.dk/user/vtephenswinc/twtxt.txt,-0.11409933232098167
http://twtxt.opstack.info/twtxt.txt,-0.11409933232098167
https://twtxt.net/user/wei/twtxt.txt,-0.11409933232098167
https://twtxt.net/user/awakeinaus/twtxt.txt,-0.11409933232098167
https://twtxt.net/user/stasenhof/twtxt.txt,-0.11409933232098167
https://twtxt.net/user/chchang/twtxt.txt,-0.11409933232098167
https://twtxt.net/user/evauxb/twtxt.txt,-0.11409933232098167
https://twtxt.net/user/abcanvusia/twtxt.txt,-0.11409933232098167
https://twtxt.net/user/astralbijection/twtxt.txt,-0.11409933232098167
http://www.uninformativ.de/twtxt.txt,-0.11409933232098167
https://twtxt.net/user/xoriff/twtxt.txt,-0.11409933232098167
https://twtxt.net/user/rkd/twtxt.txt,-0.11409933232098167
https://twtxt.net/user/justing/twtxt.txt,-0.11409933232098167
https://twtxt.net/user/gregorlove/twtxt.txt,-0.11409933232098167
https://twtxt.net/user/xgjgjgx/twtxt.txt,-0.11409933232098167
https://twtxt.net/user/vetted/twtxt.txt,-0.11409933232098167
https://twtxt.net/user/sammix/twtxt.txt,-0.11409933232098167
https://twtxt.net/user/leveya/twtxt.txt,-0.11409933232098167
https://twtxt.net/user/andy/twtxt.txt,-0.11409933232098167
https://twtxt.net/user/arun/twtxt.txt,-0.11409933232098167
https://spamty.eu/twtxt.txt,-0.11409933232098167
https://twtxt.net/user/jussi/twtxt.txt,-0.11409933232098167
https://twtxt.net/user/hydrarex/twtxt.txt,-0.11409933232098167
https://mrv.ttm.sh/twtxt.txt,-0.11409933232098167
https://twtxt.net/user/johnje/twtxt.txt,-0.11409933232098167
https://twtxt.net/user/cheesestix/twtxt.txt,-0.11409933232098167
https://tt.vltra.plus/user/help/twtxt.txt,-0.11409933232098167
https://tt.vltra.plus/user/support/twtxt.txt,-0.11409933232098167
https://twtxt.net/user/quocs/twtxt.txt,-0.11409933232098167
https://twtxt.net/user/manbart/twtxt.txt,-0.11409933232098167
https://twtxt.net/user/realdefi/twtxt.txt,-0.11409933232098167
https://twtxt.jacobweisz.com/twtxt.txt,-0.11409933232098167
https://twtxt.net/user/crm/twtxt.txt,-0.11409933232098167
https://twtxt.net/user/yujungcheng/twtxt.txt,-0.11409933232098167
https://twtxt.net/user/wer/twtxt.txt,-0.11409933232098167
https://twtxt.net/user/heathertig/twtxt.txt,-0.11409933232098167
https://twtxt.net/user/alebcay/twtxt.txt,-0.11409933232098167
https://twtxt.net/user/cundrik/twtxt.txt,-0.11409933232098167
https://tilde.town/~coma/twtxt.txt,-0.11409933232098167
https://g1n.tilde.team/twtxt.txt,-0.11409933232098167
https://twtxt.net/user/torresjrjr/twtxt.txt,-0.11409933232098167
https://twtxt.net/user/ivansep/twtxt.txt,-0.11409933232098167
https://twtxt.net/user/qazsx/twtxt.txt,-0.11409933232098167
https://neotxt.dk/user/charlesevego/twtxt.txt,-0.11409933232098167
https://chrismaughan.com/twtxt.txt,-0.11409933232098167
https://twtxt.net/user/scorpio/twtxt.txt,-0.11409933232098167
https://4069.twt.social/user/tamer/twtxt.txt,-0.11409933232098167
https://twtxt.net/user/toxophilite/twtxt.txt,-0.11409933232098167
https://twtxt.net/user/battlest/twtxt.txt,-0.11409933232098167
https://twtxt.net/user/eldareyk/twtxt.txt,-0.11409933232098167
https://twtxt.net/user/emm/twtxt.txt,-0.11409933232098167
https://twtxt.net/user/jimhalpert/twtxt.txt,-0.11409933232098167
https://txt.sour.is/user/default/twtxt.txt,-0.11409933232098167
https://twtxt.net/user/kooheji/twtxt.txt,-0.11409933232098167
https://twtxt.net/user/jpinto/twtxt.txt,-0.11409933232098167
https://twtxt.net/user/elijah/twtxt.txt,-0.11409933232098167
https://data.trafficking.agency/twtxt.txt,-0.11409933232098167
https://twtxt.net/user/sardaukar/twtxt.txt,-0.11409933232098167
https://twtxt.net/user/andrey/twtxt.txt,-0.11409933232098167
https://twtxt.net/user/mesut/twtxt.txt,-0.11409933232098167
https://twtxt.net/user/linkblog/twtxt.txt,-0.11409933232098167
https://twtxt.net/user/aalizzwell/twtxt.txt,-0.11409933232098167
https://twtxt.net/user/raspberry-pi/twtxt.txt,-0.11409933232098167
https://feg-ffb.de/twtxt.txt,-0.11409933232098167
https://twtxt.net/user/godson/twtxt.txt,-0.11409933232098167
https://twtxt.net/user/ibnux/twtxt.txt,-0.11409933232098167
https://twtxt.net/user/sqeptiq/twtxt.txt,-0.11409933232098167
https://twtxt.net/user/aymen/twtxt.txt,-0.11409933232098167
https://twtxt.net/user/jamiet/twtxt.txt,-0.11409933232098167
https://yourtilde.com/~deepend/twtxt.txt,-0.11409933232098167
https://twtxt.net/user/adamthephantump/twtxt.txt,-0.11409933232098167
https://twtxt.net/user/jrully/twtxt.txt,-0.11409933232098167
https://twtxt.net/user/yhchan/twtxt.txt,-0.11409933232098167
https://twtxt.net/user/goodbytes/twtxt.txt,-0.11409933232098167
https://twtxt.net/user/asr-vip/twtxt.txt,-0.11409933232098167
http://[::1]:8000/user/asdf/twtxt.txt,-0.11409933232098167
https://twtxt.net/user/freemancash/twtxt.txt,-0.11409933232098167
https://leighmcculloch.com/twtxt.txt,-0.11409933232098167
https://twtxt.net/user/cicada_sss/twtxt.txt,-0.11409933232098167
https://felix.plesoianu.ro/twtxt.txt,-0.11409933232098167
https://twtxt.net/user/senthil/twtxt.txt,-0.11409933232098167
https://twtxt.net/user/igormcq/twtxt.txt,-0.11409933232098167
https://yarn.zn80.net/user/bookmarks/twtxt.txt,-0.11409933232098167
https://twtxt.net/user/zonble/twtxt.txt,-0.11409933232098167
https://twtxt.net/user/anviswriting/twtxt.txt,-0.11409933232098167
https://twtxt.net/user/sepisoad/twtxt.txt,-0.11409933232098167
https://grex.org/~tfurrows/twtxt.txt,-0.11409933232098167
https://twtxt.net/user/vaniot/twtxt.txt,-0.11409933232098167
https://twtxt.net/user/sithlord/twtxt.txt,-0.11409933232098167
https://twtxt.net/user/amoss/twtxt.txt,-0.11409933232098167
https://twtxt.net/user/wuhan/twtxt.txt,-0.11409933232098167
http://10.0.0.109:8000/user/admin/twtxt.txt,-0.11409933232098167
https://twtxt.net/user/maximousblk/twtxt.txt,-0.11409933232098167
https://twtxt.net/user/nnfrancois/twtxt.txt,-0.11409933232098167
https://fundor333.com/twtxt.txt,-0.11409933232098167
https://raw.githubusercontent.com/tkanos/twtxt-files/master/twtxt.txt,-0.11409933232098167
https://twtxt.net/user/julicfy/twtxt.txt,-0.11409933232098167
https://twtxt.net/user/ake/twtxt.txt,-0.11409933232098167
https://gist.githubusercontent.com/jomo/64d6bd1b95ec0a24612b/raw/twtxt.txt,-0.11409933232098167
https://twtxt.net/user/eldarcur/twtxt.txt,-0.11409933232098167
https://twtxt.net/user/stasenrun/twtxt.txt,-0.11409933232098167
https://duriny.envs.net/twtxt.txt,-0.11409933232098167
https://twtxt.net/user/max1truc/twtxt.txt,-0.11409933232098167
https://twtxt.net/user/cowogajah/twtxt.txt,-0.11409933232098167
https://netbros.com/user/technicalsuwako/twtxt.txt,-0.11409933232098167
https://twtxt.net/user/sprashivalka/twtxt.txt,-0.11409933232098167
https://twtxt.net/user/adftertwrids/twtxt.txt,-0.11409933232098167
https://twtxt.net/user/gulamkasim/twtxt.txt,-0.11409933232098167
https://twtxt.net/user/salad/twtxt.txt,-0.11409933232098167
https://twtxt.net/user/sim/twtxt.txt,-0.11409933232098167
https://lyse.isobeef.org/user/lyse/twtxt.txt,-0.11409933232098167
https://devtxt.quisquiliae.com/user/devuser/twtxt.txt,-0.11409933232098167
https://twtxt.net/user/cdaviss/twtxt.txt,-0.11409933232098167
https://twtxt.net/user/rikisaja/twtxt.txt,-0.11409933232098167
https://twtxt.net/user/hacker/twtxt.txt,-0.11409933232098167
https://kyoko.nerdpol.ovh/user/akoizumi/twtxt.txt,-0.11409933232098167
https://twtxt.net/user/ptntp/twtxt.txt,-0.11409933232098167
https://tw.eapl.mx/user/emas/twtxt.txt,-0.11409933232098167
https://twtxt.net/user/ahk/twtxt.txt,-0.11409933232098167
https://twtxt.net/user/jmjri/twtxt.txt,-0.11409933232098167
https://twtxt.net/user/latenightz/twtxt.txt,-0.11409933232098167
https://twtxt.net/user/blissini/twtxt.txt,-0.11409933232098167
https://twtxt.net/user/shay/twtxt.txt,-0.11409933232098167
https://appdev.twt.social/user/antonio/twtxt.txt,-0.11409933232098167
https://twtxt.net/user/jpinnix/twtxt.txt,-0.11409933232098167
https://twtxt.net/user/ciba/twtxt.txt,-0.11409933232098167
https://twtxt.net/user/clacos/twtxt.txt,-0.11409933232098167
https://twtxt.net/user/hjertnes/twtxt.txt,-0.11409933232098167
https://oevl.info/twtxt.txt,-0.11409933232098167
https://twtxt.net/user/zero/twtxt.txt,-0.11409933232098167
https://search.twtxt.net/twtxt.txt,-0.11409933232098167
https://twtxt.net/user/a0z0ra/twtxt.txt,-0.11409933232098167
https://twtxt.net/user/wisdommaterials/twtxt.txt,-0.11409933232098167
https://twtxt.net/user/danielmguerrero/twtxt.txt,-0.11409933232098167
https://twtxt.net/user/juliusflywheel/twtxt.txt,-0.11409933232098167
https://twt.nfld.uk/user/agentcasey/twtxt.txt,-0.11409933232098167
https://twtxt.net/user/sergnhj/twtxt.txt,-0.11409933232098167
https://twtxt.net/user/peekgirls/twtxt.txt,-0.11409933232098167
https://devtxt.quisquiliae.com/user/testuser/twtxt.txt,-0.11409933232098167
https://twtxt.net/user/tb/twtxt.txt,-0.11409933232098167
https://txt.quisquiliae.com/user/fastidious/twtxt.txt,-0.11409933232098167
https://twtxt.net/user/alwxp/twtxt.txt,-0.11409933232098167
https://twtxt.net/user/lungfish_problem/twtxt.txt,-0.11409933232098167
https://twtxt.net/user/evakbc/twtxt.txt,-0.11409933232098167
https://twtxt.net/user/ace/twtxt.txt,-0.11409933232098167
https://twtxt.net/user/ar/twtxt.txt,-0.11409933232098167
https://twtxt.net/user/qwdqwdqwdqwd/twtxt.txt,-0.11409933232098167
https://twtxt.net/user/carleeto/twtxt.txt,-0.11409933232098167
https://twtxt.net/user/mylixigefa/twtxt.txt,-0.11409933232098167
https://twtxt.net/user/wmoh/twtxt.txt,-0.11409933232098167
https://twtxt.net/user/xavi/twtxt.txt,-0.11409933232098167
https://twtxt.net/user/evasqs/twtxt.txt,-0.11409933232098167
https://yarn.zn80.net/user/markraini/twtxt.txt,-0.11409933232098167
http://0.0.0.0:8000/user/asdf/twtxt.txt,-0.11409933232098167
https://twtxt.net/user/avi/twtxt.txt,-0.11409933232098167
https://neotxt.dk/user/jimwaigh/twtxt.txt,-0.11409933232098167
https://twtxt.net/user/hosseinzeinali/twtxt.txt,-0.11409933232098167
https://twtxt.net/user/jdoss/twtxt.txt,-0.11409933232098167
https://twtxt.net/user/supreet/twtxt.txt,-0.11409933232098167
https://yarn.mills.io/user/nate/twtxt.txt,-0.11409933232098167
https://twtxt.net/user/helloworld/twtxt.txt,-0.12022534368063545
http://blog.schweizerjochen.de/twtxt.txt,-0.12022534368063545
https://anthony.buc.ci/user/news/twtxt.txt,-0.12022534368063545
https://twtxt.net/user/docuguy/twtxt.txt,-0.12022534368063545
https://twtxt.net/user/mario/twtxt.txt,-0.12022534368063545
https://twtxt.net/user/jibarito/twtxt.txt,-0.12022534368063545
https://twtxt.net/user/fadatinsl/twtxt.txt,-0.12022534368063545
https://twtxt.net/user/michaelz/twtxt.txt,-0.12022534368063545
https://www.twtxt.cc/user/gocn/twtxt.txt,-0.12022534368063545
https://twtxt.net/user/help/twtxt.txt/twtxt.txt,-0.12022534368063545
https://twtxt.net/user/jezyjenone/twtxt.txt,-0.12022534368063545
https://twtxt.net/user/chinglinwen/twtxt.txt,-0.12022534368063545
https://joeldueck.com/twtxt.txt,-0.12022534368063545
https://twtxt.net/user/kam/twtxt.txt,-0.12022534368063545
https://twtxt.net/user/hnewscookie/twtxt.txt,-0.12022534368063545
https://www.twtxt.cc/user/joke/twtxt.txt,-0.12022534368063545
https://twtxt.netdd/user/prologic/twtxt.txt,-0.12022534368063545
https://twtxt.net/user/zarathustra/twtxt.txt,-0.12022534368063545
https://netbros.com/user/moe/twtxt.txt,-0.12022534368063545
https://twtxt.net/user/flairvelocity/twtxt.txt,-0.12022534368063545
https://twtxt.net/user/b4nks/twtxt.txt,-0.12022534368063545
https://twtxt.netd/user/prologic/twtxt.txt,-0.12022534368063545
https://twtxt.net/user/yunginnanet/twtxt.txt,-0.12022534368063545
https://twtxt.net/user/senthilnathang/twtxt.txt,-0.12022534368063545
https://twtxt.net/user/support/twtxt.txt/twtxt.txt,-0.12022534368063545
https://darch.dk/twtxt.txt,-0.12022534368063545
gopher://g.nixers.net/~anon/twtxt.txt,-0.12022534368063545
https://twtxt.net/user/decunfuzdwun/twtxt.txt,-0.12022534368063545
https://twtxt.net/user/namikis/twtxt.txt,-0.12022534368063545
https://www.twtxt.cc/user/xkun/twtxt.txt,-0.12022534368063545
https://www.twtxt.cc/user/zhihu/twtxt.txt,-0.12022534368063545
https://twtxt.net/user/jack/twtxt.txt,-0.12022534368063545
https://twtxt.net/user/brettmn/twtxt.txt,-0.12022534368063545
https://noxz.tech/twtxt.txt,-0.12022534368063545
https://twtxt.net/user/nekofar/twtxt.txt,-0.12022534368063545
gopher%3A//texto-plano.xyz/0/~anthk/twtxt.txt,-0.12022534368063545
https://raw.githubusercontent.com/Hund/misc/master/twtxt.txt,-0.12022534368063545
https://twtxt.net/user/qwe/twtxt.txt,-0.12022534368063545
https://whiteplastic.net/twtxt.txt,-0.12022534368063545
https://twtxt.net/user/stanleybum/twtxt.txt,-0.12022534368063545
https://electro.pizza/twtxt.txt,-0.12022534368063545
http://datenloft.de/rasta/twtxt.txt,-0.12022534368063545
https://rs.vltra.plus/system32comics/twtxt.txt,-0.12022534368063545
https://neotxt.dk/user/mutefall/twtxt.txt,-0.12022534368063545
https://twtxt.net/user/vinodhvino/twtxt.txt,-0.12022534368063545
https://twtxt.net/user/biozz/twtxt.txt,-0.12022534368063545
https://twtxt.net/user/ttf/twtxt.txt,-0.12022534368063545
https://twtxt.net/user/vivo/twtxt.txt,-0.12022534368063545
https://twtxt.net/~retronav/twtxt.txt,-0.12022534368063545
https://twtxt.net/user/hesam/twtxt.txt,-0.12022534368063545
https://twtxt.net/user/kvvilldem/twtxt.txt,-0.12022534368063545
https://feeds.twtxt.cc/cnbeta-com-rssding-yue/twtxt.txt,-0.12022534368063545
https://lectronice.com/hallway/twtxt.txt,-0.12022534368063545
https://neotxt.dk/user/lyse-test/twtxt.txt,-0.12022534368063545
https://twtxt.net/user/wearsthefoxhat/twtxt.txt,-0.12022534368063545
gopher://g.nixers.net/0/~vnm/twtxt.txt,-0.12022534368063545
https://anthony.buc.ci/user/support/twtxt.txt,-0.12022534368063545
https://twtxt.net/user/ll/twtxt.txt,-0.12022534368063545
https://twtxt.net/user/rverst/twtxt.txt,-0.12022534368063545
https://twtxt.net/user/yigit/twtxt.txt,-0.12022534368063545
https://philipp.meier.name/twtxt.txt,-0.12022534368063545
https://twtxt.net/user/cjd/twtxt.txt,-0.12022534368063545
https://twtxt.net/user/gamlettki/twtxt.txt,-0.12022534368063545
https://twtxt.net/user/biblia/twtxt.txt,-0.12022534368063545
http://raur.nfshost.com/twtxt.txt,-0.12022534368063545
https://johanbove.keybase.pub/twtxt.txt,-0.12022534368063545
https://www.darch.dk/user/sorenpeter/twtxt.txt,-0.12022534368063545
https://twt.nfld.uk/user/gadevoi/twtxt.txt,-0.12022534368063545
https://twtxt.net/user/louisguica/twtxt.txt,-0.12022534368063545
http://tilde.club/~jbaty/twtxt.txt,-0.12022534368063545
https://rs.vltra.plus/mostly-harmless/twtxt.txt,-0.12022534368063545
https://yarn.mills.io/user/news/twtxt.txt,-0.12022534368063545
https://twtxt.net/user/soap/twtxt.txt,-0.12022534368063545
https://netbros.com/user/tkanos/twtxt.txt,-0.12022534368063545
https://rawtext.club/~apex/twtxt.txt,-0.12022534368063545
https://twtxt.net/user/imonomi/twtxt.txt,-0.12022534368063545
https://www.twtxt.cc/user/go/twtxt.txt,-0.12022534368063545
https://gamingRE.twt.social/user/sam/twtxt.txt,-0.12022534368063545
https://twtxt.net/user/vanit/twtxt.txt,-0.12022534368063545
https://yarn.mills.io/user/support/twtxt.txt,-0.12022534368063545
https://twtxt.net/user/michealhib/twtxt.txt,-0.12022534368063545
https://twtxt.net/user/jeffreymaw/twtxt.txt,-0.12022534368063545
https://twtxt.net/user/mook/twtxt.txt,-0.12022534368063545
gopher://sdf.org/0/users/mekon/twtxt.txt,-0.12022534368063545
https://twtxt.net/user/ruurilt/twtxt.txt,-0.12022534368063545
http://0.0.0.0:8000/user/sp/twtxt.txt,-0.12022534368063545
https://twtxt.net/user/sdvilldem/twtxt.txt,-0.12022534368063545
https://twtxt.net/user/qorbani/twtxt.txt,-0.12022534368063545
https://twtxt.net/user/tcpdirect/twtxt.txt,-0.12022534368063545
gopher://oevl.info/twtxt.txt,-0.12022534368063545
https://twtxt.net/user/tomis/twtxt.txt,-0.12022534368063545
https://twtxt.net/user/andrew_powell_blog/twtxt.txt,-0.12022534368063545
gemini://warmedal.se/~antenna/twtxt.txt,-0.12022534368063545
https://twtxt.net/user/okami/twtxt.txt,-0.12022534368063545
https://twtxt.net/user/rolandorag/twtxt.txt,-0.12022534368063545
https://kyoko-project.wer.ee/twtxt.txt,-0.12022534368063545
https://social.kyoko-project.wer.ee/user/notvantaablack/twtxt.txt,-0.12022534368063545
https://twtxt.net/user/matanuki/twtxt.txt,-0.12022534368063545
https://twtxt.net/user/eyerargy/twtxt.txt,-0.12022534368063545
https://twtxt.net/user/vanessatith/twtxt.txt,-0.12022534368063545
https://twtxt.net/user/bin/twtxt.txt,-0.12022534368063545
https://nicolas.perriault.net/twtxt.txt,-0.12022534368063545
https://twtxt.net/user/jamesmow/twtxt.txt,-0.12022534368063545
https://twtxt.net/user/hungry/twtxt.txt,-0.12022534368063545
https://twtxt.net/user/ngp/twtxt.txt,-0.12022534368063545
https://twtxt.net/user/mesuutt/twtxt.txt,-0.12022534368063545
https://twtxt.net/user/testdelete/twtxt.txt,-0.12022534368063545
https://twtxt.net/user/ohsusannamarie/twtxt.txt,-0.12022534368063545
gemini)://si3t.ch/twtxt.txt,-0.12022534368063545
https://we.loveprivacy.club/user/lisaalinc/twtxt.txt,-0.12022534368063545
https://twtxt.net/user/wet/twtxt.txt,-0.12022534368063545
https://twtxt.net/user/jeffreybried/twtxt.txt,-0.12022534368063545
https://twtxt.net/user/mrh/twtxt.txt,-0.12022534368063545
https://twtxt.net/user/hoschi-it/twtxt.txt,-0.12022534368063545
https://we.loveprivacy.club/user/julizqo/twtxt.txt,-0.12022534368063545
https://twtxt.net/user/blainsmith/twtxt.txt,-0.12022534368063545
https://twtxt.net/user/dcarastan/twtxt.txt,-0.12022534368063545
https://yarn.meff.me/user/stats/twtxt.txt,-0.12022534368063545
http://hearsum.ca/~bhearsum/twtxt.txt,-0.12022534368063545
https://twtxt.net/user/rd/twtxt.txt,-0.12022534368063545
https://twtxt.net/user/rad/twtxt.txt,-0.12022534368063545
https://twtxt.net/user/marius/twtxt.txt,-0.12022534368063545
http://tilde.pt/~gil/twtxt.txt,-0.12022534368063545
https://twtxt.net/user/donaldcheak/twtxt.txt,-0.12022534368063545
https://nexp.pt/twtxt.txt,-0.12022534368063545
https://twtxt.net/user/trand/twtxt.txt,-0.12022534368063545
https://twtxt.net/user/alip/twtxt.txt,-0.12022534368063545
https://twtxt.net/user/onlyfansreviews/twtxt.txt,-0.12022534368063545
https://twtxt.net/user/senthilnathan/twtxt.txt,-0.12022534368063545
https://tilde.cafe/~chrono/twtxt.txt,-0.12022534368063545
https://twtxt.net/user/sdk/twtxt.txt,-0.12022534368063545
https://kaka.farm/twtxt.txt,-0.12022534368063545
https://ctrl-c.club/~enochthechronocom/twtxt.txt,-0.12022534368063545
https://4069.twt.social/user/selin/twtxt.txt,-0.12022534368063545
https://karl.thehomesteadinghippy.com/twtxt.txt,-0.12022534368063545
https://txt.sour.is/user/stats/twtxt.txt,-0.12022534368063545
https://twtxt.net/user/news/twtxt.txt/twtxt.txt,-0.12022534368063545
https://aquilax.avtobiografia.com/@aquilax/twtxt.txt,-0.12022534368063545
https://netbros.com/user/somebody/twtxt.txt,-0.12022534368063545
http://tfurrows.com/twtxt.txt,-0.12022534368063545
gopher://tilde.team/0/~dgy/twtxt.txt,-0.12022534368063545
https://twt.nfld.uk/user/elxidez/twtxt.txt,-0.12022534368063545
gemini://tilde.team/~ivanruvalcaba/twtxt.txt,-0.12022534368063545
https://twtxt.net/user/ssdad/twtxt.txt,-0.12022534368063545
gopher://texto-plano.xyz/0/~anthk/twtxt.txt,-0.12022534368063545
https://twtxt.net/user/duck/twtxt.txt,-0.12022534368063545
https://twtxt.net/user/robotyuanli/twtxt.txt,-0.12022534368063545
https://c0by.de/twtxt.txt,-0.12022534368063545
https://twtxt.net/user/traceytith/twtxt.txt,-0.12022534368063545
https://neotxt.dk/user/manual_twtxt/twtxt.txt,-0.12022534368063545
https://twtxt.net/user/naveen/twtxt.txt,-0.12022534368063545
https://txt.sour.is/user/news/twtxt.txt,-0.12022534368063545
https://twtxt.net/user/higen/twtxt.txt,-0.12022534368063545
https://tilde.team/~jdtron/twtxt.txt,-0.12022534368063545
https://twt.nfld.uk/user/l4yer/twtxt.txt,-0.12022534368063545
https://twtxt.net/user/sb/twtxt.txt,-0.12022534368063545
https://mk.sdf.org/twtxt.txt,-0.12022534368063545
https://twtxt.net/user/sonic_squirrel/twtxt.txt,-0.12022534368063545
https://twtxt.net/user/yangkghjh/twtxt.txt,-0.12022534368063545
https://twtxt.net/user/pm/twtxt.txt,-0.12022534368063545
https://twtxt.net/user/tyrkz/twtxt.txt,-0.12022534368063545
gopher.mills.io/texto-plano.xyz/0/~anthk/twtxt.txt,-0.12022534368063545
https://twtxt.net/user/nathias/twtxt.txt,-0.12022534368063545
https://twtxt.net/user/iaeerfung/twtxt.txt,-0.12022534368063545
https://twtxt.net/user/copernicus/twtxt.txt,-0.12022534368063545
https://dev.twt.social/user/lwojcik/twtxt.txt,-0.12022534368063545
http://buckket.org/twtxt.txt,-0.12022534368063545
https://twtxt.net/user/jimfeed/twtxt.txt,-0.12022534368063545
https://we.loveprivacy.club/user/vilianayjy/twtxt.txt,-0.12022534368063545
https://twtxt.net/user/rakesh/twtxt.txt,-0.12022534368063545
https://nilfm.cc/twtxt.txt,-0.12022534368063545
http://tt.powerlot.net/twtxt.txt,-0.12022534368063545
https://twtxt.net/user/mlsugarbaby/twtxt.txt,-0.12022534368063545
https://txt.sour.is/user/support/twtxt.txt,-0.12022534368063545
https://twtxt.net/user/lucaslarson/twtxt.txt,-0.12022534368063545
https://twtxt.net/user/robertcidge/twtxt.txt,-0.12022534368063545
https://03b0-2001-44b8-2181-c300-90ab-4d10-5247-b233.ngrok.io/user/admin/twtxt.txt,-0.12022534368063545
https://twtxt.net/user/duriny_test/twtxt.txt,-0.12022534368063545
https://twt.u53.us/user/etux/twtxt.txt,-0.12022534368063545
https://twtxt.net/user/testy/twtxt.txt,-0.12022534368063545
https://twt.nfld.uk/user/buttking/twtxt.txt,-0.12022534368063545
https://twt.rjp.is/user/rjp-twts/twtxt.txt,-0.12022534368063545
https://twtxt.net/user/cai/twtxt.txt,-0.12022534368063545
https://twtxt.net/user/oxplot/twtxt.txt,-0.12022534368063545
https://xfnw.ttm.sh/twtxt.txt,-0.12022534368063545
http://williamdav.com/static/twtxt.txt,-0.12022534368063545
https://twtxt.net/user/teszt/twtxt.txt,-0.12022534368063545
https://twtxt.net/user/jel/twtxt.txt,-0.12022534368063545
https://twt.nfld.uk/user/stxh/twtxt.txt,-0.12022534368063545
https://twtxt.net/user/weert/twtxt.txt,-0.12022534368063545
https://txt.sour.is/user/help/twtxt.txt,-0.12022534368063545
https://twtxt.net/user/tina/twtxt.txt,-0.12022534368063545
https://twtxt.net/user/johnbiggs/twtxt.txt,-0.12022534368063545
http://nicolagi.sdf.org/twtxt.txt,-0.12022534368063545
https://twtxt.net/user/alailsonko/twtxt.txt,-0.12022534368063545
https://twtxt.net/user/portabledave/twtxt.txt,-0.12022534368063545
https://bydasein.com/twtxt.txt,-0.12022534368063545
https://we.loveprivacy.club/user/eldarown/twtxt.txt,-0.12635135504028924
https://we.loveprivacy.club/user/levprw/twtxt.txt,-0.12635135504028924
https://twt.nfld.uk/user/joevub/twtxt.txt,-0.12635135504028924
https://txt.sour.is/user/foo/twtxt.txt,-0.12635135504028924
https://twtxt.net/user/God/twtxt.txt,-0.12635135504028924
https://twtxt.net/user/adam/twtxt.txt,-0.12635135504028924
https://twtxt.net/user/NICK/twtxt.txt,-0.12635135504028924
https://twtxt.net/user/sakrecoer/twtxt.txt,-0.12635135504028924
https://twt.nfld.uk/user/davistak/twtxt.txt,-0.12635135504028924
https://eveningwear.twt.social/user/radfred/twtxt.txt,-0.12635135504028924
https://twtxt.net/user/huangnauh/twtxt.txt,-0.12635135504028924
https://neotxt.dk/user/xowad/twtxt.txt,-0.12635135504028924
https://twtxt.net/user/pastagringo/twtxt.txt,-0.12635135504028924
httpsomkar/twtxt.txt,-0.12635135504028924
https://we.loveprivacy.club/user/serzrps/twtxt.txt,-0.12635135504028924
https://twt.nfld.uk/user/estebanweage/twtxt.txt,-0.12635135504028924
https://twt.nfld.uk/user/ugovub/twtxt.txt,-0.12635135504028924
https://twt.nfld.uk/user/judyvub/twtxt.txt,-0.12635135504028924
https://yarn.yarnpods.com/user/support/twtxt.txt,-0.12635135504028924
https://we.loveprivacy.club/user/jenniferkate/twtxt.txt,-0.12635135504028924
https://twt.nfld.uk/user/richardneigo/twtxt.txt,-0.12635135504028924
http://dokoissho.sdf.org/twtxt.txt,-0.12635135504028924
https://twtxt.net/user/otmazalsya/twtxt.txt,-0.12635135504028924
https://twtxt.net/user/feed/twtxt.txt,-0.12635135504028924
https://twtxt.net/user/zhongl/twtxt.txt,-0.12635135504028924
https://we.loveprivacy.club/user/vilianakgo/twtxt.txt,-0.12635135504028924
https://twt.nfld.uk/user/janevub/twtxt.txt,-0.12635135504028924
https://twt.nfld.uk/user/yonvub/twtxt.txt,-0.12635135504028924
https://we.loveprivacy.club/user/wikomaya/twtxt.txt,-0.12635135504028924
https://twt.nfld.uk/user/boovub/twtxt.txt,-0.12635135504028924
https://twt.nfld.uk/user/ivyvub/twtxt.txt,-0.12635135504028924
https://we.loveprivacy.club/user/serzrkv/twtxt.txt,-0.12635135504028924
https://we.loveprivacy.club/user/ugoalinc/twtxt.txt,-0.12635135504028924
https://twt.nfld.uk/user/samvub/twtxt.txt,-0.12635135504028924
https://twt.nfld.uk/user/marvinmog/twtxt.txt,-0.12635135504028924
https://twtxt.net/user/admin/twtxt.txt,-0.12635135504028924
https://wilde-at-heart.garden/twtxt.txt,-0.12635135504028924
https://we.loveprivacy.club/user/jhtn/twtxt.txt,-0.12635135504028924
https://we.loveprivacy.club/user/levwjm/twtxt.txt,-0.12635135504028924
https://atyh.cc/twtxt.txt,-0.12635135504028924
https://twtxt.net/user/mano/twtxt.txt,-0.12635135504028924
https://twtxt.net/user/nuwuanda/twtxt.txt,-0.12635135504028924
https://twtxt.net/user/boazblake/twtxt.txt,-0.12635135504028924
https://we.loveprivacy.club/user/miaalinc/twtxt.txt,-0.12635135504028924
https://social.kyoko-project.wer.ee/user/jmjl/twtxt.txt,-0.12635135504028924
https://twtxt.net/user/jamesepilt/twtxt.txt,-0.12635135504028924
https://gath.io/uVA3cAckHXsRppB0sf551/twtxt.txtsimilar to how it already supports the fediverse `@uVA3cAckHXsRppB0sf551@gath.io`2. Add option to signup to events with your feed URL (`neotxt.dk/user/darch/twtxt.txt,-0.12635135504028924
https://txt.quisquiliae.com/user/drinks/twtxt.txt,-0.12635135504028924
https://twtxt.net/user/lillianmann/twtxt.txt,-0.12635135504028924
https://we.loveprivacy.club/user/levgzz/twtxt.txt,-0.12635135504028924
https://we.loveprivacy.club/user/janealinc/twtxt.txt,-0.12635135504028924
https://pestilenz.org/~ckeen/twtxt.txt,-0.12635135504028924
https://kernel-pancake.nl/twtxt.txt,-0.12635135504028924
http://twtxt.reednj.com/t/reednj/twtxt.txt,-0.12635135504028924
https://txt.quisquiliae.com/user/music/twtxt.txt,-0.12635135504028924
https://twt.nfld.uk/user/jimvub/twtxt.txt,-0.12635135504028924
https://we.loveprivacy.club/user/vilianawrl/twtxt.txt,-0.12635135504028924
https://twtxt.net/user/ahmed/twtxt.txt,-0.12635135504028924
https://twtxt.net/user/elsemyon/twtxt.txt,-0.12635135504028924
https://we.loveprivacy.club/user/davidich/twtxt.txt,-0.12635135504028924
https://twtxt.net/user/aayush/twtxt.txt,-0.12635135504028924
"https://web.twtxt.org/. It has now ""github"" login (files at username.github.io/twtxt.txt",-0.12635135504028924
https://twtxt.net/user/leanne/twtxt.txt,-0.12635135504028924
https://TheMovieCal.twt.social/user/admin/twtxt.txt,-0.12635135504028924
https://twtxt.net/user/bootstrap-prime/twtxt.txt,-0.12635135504028924
https://twt.nfld.uk/user/justfortry/twtxt.txt,-0.12635135504028924
https://juhi.e-worm.club/twtxt.txt,-0.12635135504028924
https://twtxt.net/user/harshitpeer/twtxt.txt,-0.12635135504028924
https://we.loveprivacy.club/user/wimalinc/twtxt.txt,-0.12635135504028924
https://twtxt.net/user/amnonbc/twtxt.txt,-0.12635135504028924
https://twtxt.net/user/trevcan/twtxt.txt,-0.12635135504028924
https://matthewgraybosch.com/twtxt.txt,-0.12635135504028924
https://twt.nfld.uk/user/maryvub/twtxt.txt,-0.12635135504028924
https://twt.nfld.uk/user/michaelspeer/twtxt.txt,-0.12635135504028924
https://we.loveprivacy.club/user/ashalinc/twtxt.txt,-0.12635135504028924
https://twt.nfld.uk/user/appak/twtxt.txt,-0.12635135504028924
https://we.loveprivacy.club/user/paulalinc/twtxt.txt,-0.12635135504028924
https://twtxt.net/user/fredg/twtxt.txt,-0.12635135504028924
https://we.loveprivacy.club/user/ggru/twtxt.txt,-0.12635135504028924
https://twt.nfld.uk/user/amyvub/twtxt.txt,-0.12635135504028924
https://twtxt.net/user/tjr/twtxt.txt,-0.12635135504028924
https://technomancy.us/twtxt.txt,-0.12635135504028924
https://twtxt.net/user/m1guelpf/twtxt.txt,-0.12635135504028924
https://twt.nfld.uk/user/eyevub/twtxt.txt,-0.12635135504028924
https://twtxt.net/user/nimra/twtxt.txt,-0.12635135504028924
https://twt.nfld.uk/user/kiavub/twtxt.txt,-0.12635135504028924
https://twtxt.net/user/taco/twtxt.txt,-0.12635135504028924
https://www.lord-enki.net/twtxt.txt,-0.12635135504028924
https://eveningwear.twt.social/user/oeuvre/twtxt.txt,-0.12635135504028924
https://twt.nfld.uk/user/edgarkep/twtxt.txt,-0.12635135504028924
https://we.loveprivacy.club/user/serztou/twtxt.txt,-0.12635135504028924
https://twt.nfld.uk/user/jasonvub/twtxt.txt,-0.12635135504028924
https://www.thunix.net/~haivets/twtxt.txt,-0.12635135504028924
https://twtxt.net/user/drjaacobd/twtxt.txt,-0.12635135504028924
https://twtxt.net/user/gmj/twtxt.txt,-0.12635135504028924
https://we.loveprivacy.club/user/suealinc/twtxt.txt,-0.12635135504028924
http://pkill9.freeshell.org/twtxt.txt,-0.12635135504028924
http://si3t.ch/twtxt.txt,-0.12635135504028924
https://twt.nfld.uk/user/miavub/twtxt.txt,-0.12635135504028924
https://eveningwear.twt.social/user/wretched/twtxt.txt,-0.12635135504028924
https://we.loveprivacy.club/user/evaiyh/twtxt.txt,-0.12635135504028924
https://yarn.mills.io/user/news/twtxt.txt/twtxt.txt,-0.12635135504028924
https://twt.nfld.uk/user/tommyitank/twtxt.txt,-0.12635135504028924
https://we.loveprivacy.club/user/ivyalinc/twtxt.txt,-0.12635135504028924
https://twtxt.net/user/psychovaney/twtxt.txt,-0.12635135504028924
https://twtxt.net/user/wcyp/twtxt.txt,-0.12635135504028924
https://dev.twt.social/user/admin/twtxt.txt,-0.12635135504028924
https://twtxt.net/user/jimjim/twtxt.txt,-0.12635135504028924
https://twtxt.net/user/dkim/twtxt.txt,-0.12635135504028924
https://twt.nfld.uk/user/denvub/twtxt.txt,-0.12635135504028924
https://example.org/twtxt.txt,-0.12635135504028924
https://twt.nfld.uk/user/darrylmok/twtxt.txt,-0.12635135504028924
https://twtxt.net/user/meirherzog/twtxt.txt,-0.12635135504028924
https://markcornick.com/twtxt.txt,-0.12635135504028924
https://twtxtlist.cf/twtxt.txt,-0.12635135504028924
https://twtxt.net/user/sanjay/twtxt.txt,-0.12635135504028924
https://twtxt.net/user/ninjatrack/twtxt.txt,-0.12635135504028924
https://darren.e-worm.club/twtxt.txt,-0.12635135504028924
https://twtxt.net/user/nnk/twtxt.txt,-0.12635135504028924
https://twt.nfld.uk/user/gamercat/twtxt.txt,-0.12635135504028924
https://dev.twt.social/user/james/twtxt.txt,-0.12635135504028924
https://twtxt.net/user/ggb/twtxt.txt,-0.12635135504028924
https://we.loveprivacy.club/user/levdpt/twtxt.txt,-0.12635135504028924
https://twt.nfld.uk/user/carlvub/twtxt.txt,-0.12635135504028924
https://twtxt.net/user/henrique/twtxt.txt,-0.12635135504028924
https://we.loveprivacy.club/user/svetlanavfv/twtxt.txt,-0.12635135504028924
https://twtxt.net/user/uol/twtxt.txt,-0.12635135504028924
https://twt.nfld.uk/user/evavub/twtxt.txt,-0.12635135504028924
https://twtxt.net/user/alper_s/twtxt.txt,-0.12635135504028924
https://twt.nfld.uk/user/paulvub/twtxt.txt,-0.12635135504028924
https://twt.nfld.uk/user/williamwhido/twtxt.txt,-0.12635135504028924
https://netbros.com/user/ynac/twtxt.txt,-0.12635135504028924
https://we.loveprivacy.club/user/veronazss/twtxt.txt,-0.12635135504028924
https://twt.nfld.uk/user/michaelapell/twtxt.txt,-0.12635135504028924
https://twt.nfld.uk/user/zakvub/twtxt.txt,-0.12635135504028924
https://we.loveprivacy.club/user/test/twtxt.txt,-0.12635135504028924
https://twt.nfld.uk/user/alanvub/twtxt.txt,-0.12635135504028924
https://twt.nfld.uk/user/davidqueve/twtxt.txt,-0.12635135504028924
http://tomasino.sdf.org/twtxt.txt,-0.12635135504028924
https://tilde.club/user/gareppa/twtxt.txt,-0.12635135504028924
https://we.loveprivacy.club/user/vilianadgc/twtxt.txt,-0.12635135504028924
https://twtxt.net/user/sam/twtxt.txt,-0.12635135504028924
https://tw.lohn.in/user/twtxt/twtxt.txt,-0.12635135504028924
https://twt.nfld.uk/user/miclzoott/twtxt.txt,-0.12635135504028924
https://dev.twt.social/user/antonio/twtxt.txt,-0.12635135504028924
https://twtxt.net/user/avelino/twtxt.txt,-0.12635135504028924
https://twtxt.net/user/alexdrock/twtxt.txt,-0.12635135504028924
https://twtxt.net/user/mpuppe/twtxt.txt,-0.12635135504028924
https://twt.nfld.uk/user/ashvub/twtxt.txt,-0.12635135504028924
https://twt.nfld.uk/user/drrazon/twtxt.txt,-0.12635135504028924
https://twtxt.net/user/ofgermany/twtxt.txt,-0.12635135504028924
https://eveningwear.twt.social/user/styx/twtxt.txt,-0.12635135504028924
https://twtxt.net/user/lee/twtxt.txt,-0.12635135504028924
https://twtxt.net/user/slabz/twtxt.txt,-0.12635135504028924
https://twt.nfld.uk/user/elwoodveity/twtxt.txt,-0.12635135504028924
https://we.loveprivacy.club/user/booalinc/twtxt.txt,-0.12635135504028924
https://social.kyoko-project.wer.ee/user/technicalmarisa/twtxt.txt,-0.12635135504028924
https://twt.nfld.uk/user/bonfires/twtxt.txt,-0.12635135504028924
https://yarn.mills.io/user/help/twtxt.txt/twtxt.txt,-0.12635135504028924
https://ctrl-c.club/~nttp/twtxt.txt,-0.12635135504028924
https://4069.twt.social/user/kj/twtxt.txt,-0.12635135504028924
https://twt.nfld.uk/user/jackvub/twtxt.txt,-0.12635135504028924
https://twtxt.net/user/redax/twtxt.txt,-0.12635135504028924
https://maurice-renck.de/twtxt.txt,-0.12635135504028924
https://yarn.mills.io/user/help/twtxt.txt,-0.12635135504028924
https://skeletons.cc/twtxt.txt,-0.12635135504028924
https://twtxt.net/user/roadlabs/twtxt.txt,-0.12635135504028924
https://twtxt.net/user/cookiepoo/twtxt.txt,-0.12635135504028924
https://twtxt.net/user/samclarke/twtxt.txt,-0.12635135504028924
https://we.loveprivacy.club/user/markalinc/twtxt.txt,-0.12635135504028924
https://twt.nfld.uk/user/samueldap/twtxt.txt,-0.12635135504028924
https://twtxt.net/user/a/twtxt.txt,-0.12635135504028924
https://twt.nfld.uk/user/curtisteshy/twtxt.txt,-0.12635135504028924
http://46.23.94.13:9090/user/adi/twtxt.txt,-0.12635135504028924
http://ctrl-c.club/~nttp/twtxt.txt,-0.12635135504028924
https://4069.twt.social/user/admin/twtxt.txt,-0.12635135504028924
https://twtxt.net/user/4life_usa/twtxt.txt,-0.12635135504028924
https://twtxt.net/user/luana/twtxt.txt,-0.12635135504028924
https://twtxt.net/user/dereklaw/twtxt.txt,-0.12635135504028924
https://twtxt.net/user/abhayaysola/twtxt.txt,-0.12635135504028924
https://we.loveprivacy.club/user/ivanlyo/twtxt.txt,-0.12635135504028924
https://tw.gly.one/user/lukas/twtxt.txt,-0.12635135504028924
https://we.loveprivacy.club/user/miclhok/twtxt.txt,-0.12635135504028924
https://arnauld.org/blog/twtxt.txt,-0.12635135504028924
https://tilde.town/~bt_tenk/twtxt.txt,-0.12635135504028924
https://twtxt.net/user/yangyangyang/twtxt.txt,-0.12635135504028924
http://0.0.0.0:8000/user/adi/twtxt.txt,-0.12635135504028924
https://twt.nfld.uk/user/pluto/twtxt.txt,-0.12635135504028924
https://we.loveprivacy.club/user/support/twtxt.txt,-0.12635135504028924
https://dev.twt.social/user/dooven/twtxt.txt,-0.12635135504028924
https://we.loveprivacy.club/user/kimalinc/twtxt.txt,-0.12635135504028924
https://yarn.mills.io/user/support/twtxt.txt/twtxt.txt,-0.12635135504028924
https://twtxt.net/user/les/twtxt.txt,-0.12635135504028924
https://netbros.com/user/pdeznlmsgbnd/twtxt.txt,-0.12635135504028924
https://om.gd/twtxt.txt,-0.12635135504028924
https://twtxt.net/user/ahmad/twtxt.txt,-0.12635135504028924
https://twt.nfld.uk/user/mearaj/twtxt.txt,-0.12635135504028924
https://social.kyoko-project.wer.ee/user/support/twtxt.txt,-0.12635135504028924
https://twtxt.net/user/pbatch/twtxt.txt,-0.12635135504028924
https://ella.e-worm.club/twtxt.txt,-0.12635135504028924
https://twt.nfld.uk/user/bingworm/twtxt.txt,-0.12635135504028924
https://twt.nfld.uk/user/wimvub/twtxt.txt,-0.12635135504028924
https://we.loveprivacy.club/user/fervi/twtxt.txt,-0.12635135504028924
http://land.umonkey.net/twtxt.txt,-0.12635135504028924
https://twt.nfld.uk/user/jameseralp/twtxt.txt,-0.12635135504028924
https://twtxt.net/user/zain/twtxt.txt,-0.12635135504028924
https://twt.nfld.uk/user/markvub/twtxt.txt,-0.12635135504028924
https://twt.nfld.uk/user/kimvub/twtxt.txt,-0.12635135504028924
https://twtxt.net/user/twtxt.txt,-0.12635135504028924
https://twtxt.net/user/achilles/twtxt.txt,-0.12635135504028924
https://ctrl-c.club/~Santillan/twtxt.txt,-0.12635135504028924
https://twt.nfld.uk/user/timothyshalo/twtxt.txt,-0.12635135504028924
https://koehr.in/twtxt.txt,-0.12635135504028924
https://twtxt.net/user/luketester/twtxt.txt,-0.12635135504028924
https://twtxt.net/user/sycdan/twtxt.txt,-0.12635135504028924
https://twtxt.net/user/jonnydubowsky/twtxt.txt,-0.12635135504028924
https://twt.nfld.uk/user/suevub/twtxt.txt,-0.12635135504028924
https://twt.nfld.uk/user/tedvub/twtxt.txt,-0.12635135504028924
https://twtxt.net/user/manton/twtxt.txt,-0.12635135504028924
https://twtxt.net/user/uru/twtxt.txt,-0.12635135504028924
https://twtxt.net/user/xn/twtxt.txt,-0.12635135504028924
https://4069.twt.social/user/support/twtxt.txt,-0.12635135504028924
https://twt.nfld.uk/user/t0rcke/twtxt.txt,-0.12635135504028924
http://10.0.0.109:8000/user/news/twtxt.txt,-0.12635135504028924
https://we.loveprivacy.club/user/maryalinc/twtxt.txt,-0.12635135504028924
https://we.loveprivacy.club/user/k0rr/twtxt.txt,-0.12635135504028924
https://netbros.com/user/oevl/twtxt.txt,-0.12635135504028924
https://philmcclure.duckdns.org/twtxt.txt,-0.12635135504028924
https://twtxt.net/user/ross/twtxt.txt,-0.12635135504028924
https://tilde.team/~inan/twtxt.txt,-0.12635135504028924
https://glow.li/twtxt.txt,-0.12635135504028924
https://twtxt.net/user/vain/twtxt.txt,-0.12635135504028924
https://TheMovieCal.twt.social/user/news/twtxt.txt,-0.12635135504028924
https://twt.nfld.uk/user/ricsauby/twtxt.txt,-0.12635135504028924
https://twtxt.net/user/testqwwerrtt/twtxt.txt,-0.12635135504028924
https://twt.nfld.uk/user/robertmekly/twtxt.txt,-0.12635135504028924
https://twt.nfld.uk/user/music_with_out_any_chill/twtxt.txt,-0.12635135504028924
https://twtxt.net/user/gastu/twtxt.txt,-0.12635135504028924
"https://search.twtxt.net)"" are requesting `/user/lyse/twtxt.txt",-0.12635135504028924
https://twtxt.net/user/xestenlite/twtxt.txt,-0.12635135504028924
https://twt.nfld.uk/user/cridick/twtxt.txt,-0.12635135504028924
https://twt.nfld.uk/user/numbers/twtxt.txt,-0.12635135504028924
https://we.loveprivacy.club/user/viktoribfm/twtxt.txt,-0.12635135504028924
https://twt.nfld.uk/user/josephsok/twtxt.txt,-0.12635135504028924
https://twtxt.net/user/uzumymw/twtxt.txt,-0.12635135504028924
https://twt.nfld.uk/user/teovub/twtxt.txt,-0.12635135504028924
https://twtxt.net/user/danielz/twtxt.txt,-0.12635135504028924
https://twt.nfld.uk/user/simulation/twtxt.txt,-0.12635135504028924
https://we.loveprivacy.club/user/eldarpex/twtxt.txt,-0.12635135504028924
https://twt.nfld.uk/user/julihmf/twtxt.txt,-0.12635135504028924
https://twtxt.net/user/ruslanagopy/twtxt.txt,-0.12635135504028924
https://twt.nfld.uk/user/charleserono/twtxt.txt,-0.12635135504028924
https://twt.nfld.uk/user/rodneysek/twtxt.txt,-0.12635135504028924
https://twt.nfld.uk/user/sergybl/twtxt.txt,-0.12635135504028924
https://netbros.com/user/support/twtxt.txt,-0.12635135504028924
https://twt.nfld.uk/user/essjay/twtxt.txt,-0.12635135504028924
https://twtxt.psynergy.io/user/psibr/twtxt.txt,-0.12635135504028924
https://we.loveprivacy.club/user/veronazxm/twtxt.txt,-0.12635135504028924
https://www.bucci.onl/twtxt.txt,-0.12635135504028924
https://twtxt.net/user/4lifeusa/twtxt.txt,-0.12635135504028924
https://twtxt.net/user/venjiang/twtxt.txt,-0.12635135504028924
https://we.loveprivacy.club/user/levusy/twtxt.txt,-0.12635135504028924
https://twtxt.net/user/koehr/twtxt.txt,-0.12635135504028924
https://twtxt.net/user/kernelpancake/twtxt.txt,-0.12635135504028924
https://we.loveprivacy.club/user/shurenzhou/twtxt.txt,-0.12635135504028924
http://mattknox.com/twtxt.txt,-0.12635135504028924
https://sarmonsiill.tilde.directory/twtxt.txt,-0.12635135504028924
https://twtxt.net/user/lucas/twtxt.txt,-0.12635135504028924
https://we.loveprivacy.club/user/veronaidz/twtxt.txt,-0.12635135504028924
https://www.yourtilde.com/~deepend/twtxt.txt,-0.12635135504028924
https://twtxt.net/user/xx/twtxt.txt,-0.12635135504028924
https://we.loveprivacy.club/user/levirm/twtxt.txt,-0.12635135504028924
https://rxyz.rocks/twtxt.txt,-0.12635135504028924
https://twtxt.rosaelefanten.org/twtxt.txt,-0.12635135504028924
https://twtxt.net/user/dobau/twtxt.txt,-0.12635135504028924
https://appdev.twt.social/user/felipe/twtxt.txt,-0.12635135504028924
https://kecyk.com/twtxt.txt,-0.12635135504028924
http://miangraham.com/twtxt.txt,-0.12635135504028924
https://twtxt.prismdragon.net/twtxt.txt,-0.12635135504028924
https://twt.nfld.uk/user/sudo/twtxt.txt,-0.12635135504028924
http://resistit.net/twtxt/twtxt.txt,-0.12635135504028924
https://29e5c8c72192.ngrok.io/user/admin/twtxt.txt,-0.12635135504028924
https://we.loveprivacy.club/user/ilushikmij/twtxt.txt,-0.12635135504028924
https://twt.nfld.uk/user/michaelwelry/twtxt.txt,-0.12635135504028924
https://tanelorn.city/~bouncepaw/twtxt.txt,-0.12635135504028924
https://twtxt.net/user/gr0k/twtxt.txt,-0.12635135504028924
https://twtxt.net/user/Paulinux/twtxt.txt,-0.12635135504028924
https://twt.nfld.uk/user/nickvub/twtxt.txt,-0.12635135504028924
https://twtxt.net/user/oatmealm/twtxt.txt,-0.12635135504028924
https://lovetocode999.ttm.sh/twtxt/twtxt.txt,-0.12635135504028924
https://we.loveprivacy.club/user/viktoriezo/twtxt.txt,-0.12635135504028924
https://we.loveprivacy.club/user/vilianatok/twtxt.txt,-0.12635135504028924
https://twtxt.mylesb.ca/twtxt.txt,-0.12635135504028924
https://social.kyoko-project.wer.ee/user/news/twtxt.txt,-0.12635135504028924
https://land.umonkey.net/twtxt.txt,-0.12635135504028924
https://txt.quisquiliae.com/user/gaming/twtxt.txt,-0.12635135504028924
https://social.kyoko-project.wer.ee/user/mckinley/twtxt.txt,-0.12635135504028924
https://twtxt.net/user/eludom/twtxt.txt,-0.12635135504028924
https://twtxt.net/user/adfadf/twtxt.txt,-0.12635135504028924
https://twtxt.net/user/dokoissho/twtxt.txt,-0.12635135504028924
https://www.brianctomlinson.com/static/twtxt.txt,-0.12635135504028924
https://devtxt.quisquiliae.com/user/devtest/twtxt.txt,-0.12635135504028924
https://neotxt.dk/users/darch/twtxt.txt,-0.12635135504028924
https://t.seed.hex22.org/twtxt.txt,-0.12635135504028924
https://twt.nfld.uk/user/annavub/twtxt.txt,-0.12635135504028924
https://we.loveprivacy.club/user/leonswc/twtxt.txt,-0.12635135504028924
https://yarn.andrewjvpowell.com/user/news/twtxt.txt,-0.12635135504028924
https://twt.nfld.uk/user/lisavub/twtxt.txt,-0.12635135504028924
https://we.loveprivacy.club/user/davidbni/twtxt.txt,-0.12635135504028924